[
  {
    "guest_id": "G00001",
    "name": "Emma Brown",
    "email": "emma.brown4@email.com",
    "country": "Japan",
    "loyalty_tier": "None"
  },
  {
    "guest_id": "G00002",
    "name": "Robert Harris",
    "email": "robert.harris14@email.com",
    "country": "China",
    "loyalty_tier": "None"
  },
  {
    "guest_id": "G00003",
    "name": "Susan Johnson",
    "email": "susan.johnson4@email.com",
    "country": "Germany",
    "loyalty_tier": "None"
  },
  {
    "guest_id": "G00004",
    "name": "Thomas Martin",
    "email": "thomas.martin4@email.com",
    "country": "China",
    "loyalty_tier": "None"
  },
  {
    "guest_id": "G00005",
    "name": "Emma White",
    "email": "emma.white70@email.com",
    "country": "Belgium",
    "loyalty_tier": "None"
  },
  {
    "guest_id": "G00006",
    "name": "Charles Rodriguez",
    "email": "charles.rodriguez1@email.com",
    "country": "Italy",
    "loyalty_tier": "Silver"
  },
  {
    "guest_id": "G00007",
    "name": "David Rodriguez",
    "email": "david.rodriguez20@email.com",
    "country": "Canada",
    "loyalty_tier": "Platinum"
  },
  {
    "guest_id": "G00008",
    "name": "David Brown",
    "email": "david.brown12@email.com",
    "country": "Austria",
    "loyalty_tier": "None"
  },
  {
    "guest_id": "G00009",
    "name": "Lucas Lopez",
    "email": "lucas.lopez78@email.com",
    "country": "Japan",
    "loyalty_tier": "Gold"
  },
  {
    "guest_id": "G00010",
    "name": "Liam Anderson",
    "email": "liam.anderson69@email.com",
    "country": "France",
    "loyalty_tier": "Platinum"
  },
  {
    "guest_id": "G00011",
    "name": "Richard Williams",
    "email": "richard.williams71@email.com",
    "country": "Brazil",
    "loyalty_tier": "Gold"
  },
  {
    "guest_id": "G00012",
    "name": "Karen Hall",
    "email": "karen.hall47@email.com",
    "country": "India",
    "loyalty_tier": "None"
  },
  {
    "guest_id": "G00013",
    "name": "John Johnson",
    "email": "john.johnson85@email.com",
    "country": "Australia",
    "loyalty_tier": "Silver"
  },
  {
    "guest_id": "G00014",
    "name": "John Walker",
    "email": "john.walker30@email.com",
    "country": "France",
    "loyalty_tier": "None"
  },
  {
    "guest_id": "G00015",
    "name": "Joseph Lee",
    "email": "joseph.lee47@email.com",
    "country": "Italy",
    "loyalty_tier": "None"
  },
  {
    "guest_id": "G00016",
    "name": "Michael Thompson",
    "email": "michael.thompson35@email.com",
    "country": "Germany",
    "loyalty_tier": "Silver"
  },
  {
    "guest_id": "G00017",
    "name": "Jennifer Moore",
    "email": "jennifer.moore94@email.com",
    "country": "Australia",
    "loyalty_tier": "None"
  },
  {
    "guest_id": "G00018",
    "name": "Richard Rodriguez",
    "email": "richard.rodriguez82@email.com",
    "country": "China",
    "loyalty_tier": "None"
  },
  {
    "guest_id": "G00019",
    "name": "David Robinson",
    "email": "david.robinson99@email.com",
    "country": "UK",
    "loyalty_tier": "None"
  },
  {
    "guest_id": "G00020",
    "name": "Mary Lewis",
    "email": "mary.lewis41@email.com",
    "country": "Austria",
    "loyalty_tier": "None"
  },
  {
    "guest_id": "G00021",
    "name": "Michael Allen",
    "email": "michael.allen73@email.com",
    "country": "Netherlands",
    "loyalty_tier": "None"
  },
  {
    "guest_id": "G00022",
    "name": "Jessica Gonzalez",
    "email": "jessica.gonzalez83@email.com",
    "country": "Sweden",
    "loyalty_tier": "None"
  },
  {
    "guest_id": "G00023",
    "name": "Robert Davis",
    "email": "robert.davis96@email.com",
    "country": "China",
    "loyalty_tier": "Silver"
  },
  {
    "guest_id": "G00024",
    "name": "Liam Jackson",
    "email": "liam.jackson55@email.com",
    "country": "India",
    "loyalty_tier": "None"
  },
  {
    "guest_id": "G00025",
    "name": "Linda Jones",
    "email": "linda.jones66@email.com",
    "country": "Norway",
    "loyalty_tier": "None"
  },
  {
    "guest_id": "G00026",
    "name": "Mary Walker",
    "email": "mary.walker15@email.com",
    "country": "Spain",
    "loyalty_tier": "Silver"
  },
  {
    "guest_id": "G00027",
    "name": "Noah Thompson",
    "email": "noah.thompson55@email.com",
    "country": "Mexico",
    "loyalty_tier": "None"
  },
  {
    "guest_id": "G00028",
    "name": "Richard Martin",
    "email": "richard.martin60@email.com",
    "country": "Denmark",
    "loyalty_tier": "None"
  },
  {
    "guest_id": "G00029",
    "name": "Sarah Walker",
    "email": "sarah.walker2@email.com",
    "country": "France",
    "loyalty_tier": "Silver"
  },
  {
    "guest_id": "G00030",
    "name": "Sarah Clark",
    "email": "sarah.clark35@email.com",
    "country": "Netherlands",
    "loyalty_tier": "None"
  },
  {
    "guest_id": "G00031",
    "name": "Susan Garcia",
    "email": "susan.garcia59@email.com",
    "country": "USA",
    "loyalty_tier": "Platinum"
  },
  {
    "guest_id": "G00032",
    "name": "Mia Harris",
    "email": "mia.harris34@email.com",
    "country": "Denmark",
    "loyalty_tier": "Silver"
  },
  {
    "guest_id": "G00033",
    "name": "Thomas Allen",
    "email": "thomas.allen14@email.com",
    "country": "Brazil",
    "loyalty_tier": "Gold"
  },
  {
    "guest_id": "G00034",
    "name": "Thomas Martin",
    "email": "thomas.martin26@email.com",
    "country": "Spain",
    "loyalty_tier": "None"
  },
  {
    "guest_id": "G00035",
    "name": "Jennifer Moore",
    "email": "jennifer.moore68@email.com",
    "country": "USA",
    "loyalty_tier": "Silver"
  },
  {
    "guest_id": "G00036",
    "name": "Jessica Smith",
    "email": "jessica.smith15@email.com",
    "country": "Switzerland",
    "loyalty_tier": "Gold"
  },
  {
    "guest_id": "G00037",
    "name": "Isabella Lewis",
    "email": "isabella.lewis40@email.com",
    "country": "Australia",
    "loyalty_tier": "None"
  },
  {
    "guest_id": "G00038",
    "name": "Mia Jackson",
    "email": "mia.jackson11@email.com",
    "country": "Germany",
    "loyalty_tier": "Silver"
  },
  {
    "guest_id": "G00039",
    "name": "Isabella Williams",
    "email": "isabella.williams98@email.com",
    "country": "China",
    "loyalty_tier": "Silver"
  },
  {
    "guest_id": "G00040",
    "name": "Robert Thompson",
    "email": "robert.thompson61@email.com",
    "country": "China",
    "loyalty_tier": "None"
  },
  {
    "guest_id": "G00041",
    "name": "Thomas Walker",
    "email": "thomas.walker78@email.com",
    "country": "Belgium",
    "loyalty_tier": "Platinum"
  },
  {
    "guest_id": "G00042",
    "name": "Mason Moore",
    "email": "mason.moore97@email.com",
    "country": "Canada",
    "loyalty_tier": "Silver"
  },
  {
    "guest_id": "G00043",
    "name": "Richard Thompson",
    "email": "richard.thompson84@email.com",
    "country": "Switzerland",
    "loyalty_tier": "None"
  },
  {
    "guest_id": "G00044",
    "name": "Thomas Anderson",
    "email": "thomas.anderson16@email.com",
    "country": "Australia",
    "loyalty_tier": "None"
  },
  {
    "guest_id": "G00045",
    "name": "David Smith",
    "email": "david.smith76@email.com",
    "country": "China",
    "loyalty_tier": "None"
  },
  {
    "guest_id": "G00046",
    "name": "Linda Smith",
    "email": "linda.smith10@email.com",
    "country": "UK",
    "loyalty_tier": "None"
  },
  {
    "guest_id": "G00047",
    "name": "Mia Johnson",
    "email": "mia.johnson43@email.com",
    "country": "Germany",
    "loyalty_tier": "Silver"
  },
  {
    "guest_id": "G00048",
    "name": "William Thompson",
    "email": "william.thompson63@email.com",
    "country": "Canada",
    "loyalty_tier": "Silver"
  },
  {
    "guest_id": "G00049",
    "name": "Liam Allen",
    "email": "liam.allen74@email.com",
    "country": "India",
    "loyalty_tier": "None"
  },
  {
    "guest_id": "G00050",
    "name": "Noah Thomas",
    "email": "noah.thomas53@email.com",
    "country": "Canada",
    "loyalty_tier": "None"
  },
  {
    "guest_id": "G00051",
    "name": "Oliver Wilson",
    "email": "oliver.wilson46@email.com",
    "country": "Belgium",
    "loyalty_tier": "None"
  },
  {
    "guest_id": "G00052",
    "name": "Lucas Harris",
    "email": "lucas.harris7@email.com",
    "country": "France",
    "loyalty_tier": "None"
  },
  {
    "guest_id": "G00053",
    "name": "Liam Hernandez",
    "email": "liam.hernandez14@email.com",
    "country": "Australia",
    "loyalty_tier": "None"
  },
  {
    "guest_id": "G00054",
    "name": "Sarah Anderson",
    "email": "sarah.anderson18@email.com",
    "country": "Belgium",
    "loyalty_tier": "None"
  },
  {
    "guest_id": "G00055",
    "name": "Joseph Davis",
    "email": "joseph.davis10@email.com",
    "country": "Sweden",
    "loyalty_tier": "Gold"
  },
  {
    "guest_id": "G00056",
    "name": "Lucas Moore",
    "email": "lucas.moore13@email.com",
    "country": "UK",
    "loyalty_tier": "Silver"
  },
  {
    "guest_id": "G00057",
    "name": "Sarah Robinson",
    "email": "sarah.robinson2@email.com",
    "country": "Germany",
    "loyalty_tier": "Gold"
  },
  {
    "guest_id": "G00058",
    "name": "Lucas Davis",
    "email": "lucas.davis22@email.com",
    "country": "Belgium",
    "loyalty_tier": "None"
  },
  {
    "guest_id": "G00059",
    "name": "Michael Walker",
    "email": "michael.walker52@email.com",
    "country": "UK",
    "loyalty_tier": "None"
  },
  {
    "guest_id": "G00060",
    "name": "James Gonzalez",
    "email": "james.gonzalez34@email.com",
    "country": "Sweden",
    "loyalty_tier": "None"
  },
  {
    "guest_id": "G00061",
    "name": "Sophia Harris",
    "email": "sophia.harris72@email.com",
    "country": "Norway",
    "loyalty_tier": "None"
  },
  {
    "guest_id": "G00062",
    "name": "Elizabeth Miller",
    "email": "elizabeth.miller8@email.com",
    "country": "India",
    "loyalty_tier": "Silver"
  },
  {
    "guest_id": "G00063",
    "name": "Mary Harris",
    "email": "mary.harris41@email.com",
    "country": "UK",
    "loyalty_tier": "None"
  },
  {
    "guest_id": "G00064",
    "name": "Jessica Taylor",
    "email": "jessica.taylor68@email.com",
    "country": "Italy",
    "loyalty_tier": "None"
  },
  {
    "guest_id": "G00065",
    "name": "Thomas Williams",
    "email": "thomas.williams24@email.com",
    "country": "Germany",
    "loyalty_tier": "Silver"
  },
  {
    "guest_id": "G00066",
    "name": "Oliver Walker",
    "email": "oliver.walker31@email.com",
    "country": "Austria",
    "loyalty_tier": "None"
  },
  {
    "guest_id": "G00067",
    "name": "Mia Jackson",
    "email": "mia.jackson32@email.com",
    "country": "India",
    "loyalty_tier": "Silver"
  },
  {
    "guest_id": "G00068",
    "name": "Karen Williams",
    "email": "karen.williams54@email.com",
    "country": "India",
    "loyalty_tier": "Silver"
  },
  {
    "guest_id": "G00069",
    "name": "David Allen",
    "email": "david.allen34@email.com",
    "country": "Canada",
    "loyalty_tier": "Silver"
  },
  {
    "guest_id": "G00070",
    "name": "David Davis",
    "email": "david.davis34@email.com",
    "country": "Austria",
    "loyalty_tier": "None"
  },
  {
    "guest_id": "G00071",
    "name": "Emma Martinez",
    "email": "emma.martinez59@email.com",
    "country": "Netherlands",
    "loyalty_tier": "Gold"
  },
  {
    "guest_id": "G00072",
    "name": "Mason Williams",
    "email": "mason.williams2@email.com",
    "country": "Sweden",
    "loyalty_tier": "Silver"
  },
  {
    "guest_id": "G00073",
    "name": "Charles Brown",
    "email": "charles.brown10@email.com",
    "country": "China",
    "loyalty_tier": "None"
  },
  {
    "guest_id": "G00074",
    "name": "William Jones",
    "email": "william.jones45@email.com",
    "country": "Germany",
    "loyalty_tier": "Gold"
  },
  {
    "guest_id": "G00075",
    "name": "Barbara Martinez",
    "email": "barbara.martinez21@email.com",
    "country": "Sweden",
    "loyalty_tier": "Gold"
  },
  {
    "guest_id": "G00076",
    "name": "Sophia Martinez",
    "email": "sophia.martinez79@email.com",
    "country": "Denmark",
    "loyalty_tier": "None"
  },
  {
    "guest_id": "G00077",
    "name": "Isabella Moore",
    "email": "isabella.moore39@email.com",
    "country": "France",
    "loyalty_tier": "Gold"
  },
  {
    "guest_id": "G00078",
    "name": "Robert Rodriguez",
    "email": "robert.rodriguez15@email.com",
    "country": "France",
    "loyalty_tier": "Silver"
  },
  {
    "guest_id": "G00079",
    "name": "Robert Rodriguez",
    "email": "robert.rodriguez37@email.com",
    "country": "Mexico",
    "loyalty_tier": "None"
  },
  {
    "guest_id": "G00080",
    "name": "David Miller",
    "email": "david.miller88@email.com",
    "country": "Japan",
    "loyalty_tier": "Silver"
  },
  {
    "guest_id": "G00081",
    "name": "William Hall",
    "email": "william.hall7@email.com",
    "country": "Germany",
    "loyalty_tier": "Silver"
  },
  {
    "guest_id": "G00082",
    "name": "Isabella Rodriguez",
    "email": "isabella.rodriguez6@email.com",
    "country": "USA",
    "loyalty_tier": "None"
  },
  {
    "guest_id": "G00083",
    "name": "Robert Lee",
    "email": "robert.lee34@email.com",
    "country": "Italy",
    "loyalty_tier": "Silver"
  },
  {
    "guest_id": "G00084",
    "name": "Sarah White",
    "email": "sarah.white55@email.com",
    "country": "China",
    "loyalty_tier": "None"
  },
  {
    "guest_id": "G00085",
    "name": "John Hall",
    "email": "john.hall89@email.com",
    "country": "Spain",
    "loyalty_tier": "Silver"
  },
  {
    "guest_id": "G00086",
    "name": "Isabella Lopez",
    "email": "isabella.lopez75@email.com",
    "country": "China",
    "loyalty_tier": "None"
  },
  {
    "guest_id": "G00087",
    "name": "Robert Johnson",
    "email": "robert.johnson40@email.com",
    "country": "Switzerland",
    "loyalty_tier": "Gold"
  },
  {
    "guest_id": "G00088",
    "name": "Noah Walker",
    "email": "noah.walker6@email.com",
    "country": "Switzerland",
    "loyalty_tier": "None"
  },
  {
    "guest_id": "G00089",
    "name": "Linda Thompson",
    "email": "linda.thompson14@email.com",
    "country": "Switzerland",
    "loyalty_tier": "Silver"
  },
  {
    "guest_id": "G00090",
    "name": "Mia Walker",
    "email": "mia.walker53@email.com",
    "country": "Mexico",
    "loyalty_tier": "Silver"
  },
  {
    "guest_id": "G00091",
    "name": "Mason Allen",
    "email": "mason.allen31@email.com",
    "country": "Italy",
    "loyalty_tier": "Platinum"
  },
  {
    "guest_id": "G00092",
    "name": "Noah Garcia",
    "email": "noah.garcia53@email.com",
    "country": "USA",
    "loyalty_tier": "None"
  },
  {
    "guest_id": "G00093",
    "name": "Mason Hernandez",
    "email": "mason.hernandez53@email.com",
    "country": "Australia",
    "loyalty_tier": "None"
  },
  {
    "guest_id": "G00094",
    "name": "Noah White",
    "email": "noah.white14@email.com",
    "country": "Austria",
    "loyalty_tier": "Gold"
  },
  {
    "guest_id": "G00095",
    "name": "Lucas Thomas",
    "email": "lucas.thomas29@email.com",
    "country": "Canada",
    "loyalty_tier": "Gold"
  },
  {
    "guest_id": "G00096",
    "name": "Joseph Lopez",
    "email": "joseph.lopez40@email.com",
    "country": "Australia",
    "loyalty_tier": "None"
  },
  {
    "guest_id": "G00097",
    "name": "Oliver Miller",
    "email": "oliver.miller52@email.com",
    "country": "Netherlands",
    "loyalty_tier": "None"
  },
  {
    "guest_id": "G00098",
    "name": "John Clark",
    "email": "john.clark36@email.com",
    "country": "Switzerland",
    "loyalty_tier": "Silver"
  },
  {
    "guest_id": "G00099",
    "name": "Richard Thompson",
    "email": "richard.thompson69@email.com",
    "country": "Netherlands",
    "loyalty_tier": "Gold"
  },
  {
    "guest_id": "G00100",
    "name": "Patricia Hall",
    "email": "patricia.hall34@email.com",
    "country": "Italy",
    "loyalty_tier": "Silver"
  },
  {
    "guest_id": "G00101",
    "name": "William Johnson",
    "email": "william.johnson14@email.com",
    "country": "Mexico",
    "loyalty_tier": "None"
  },
  {
    "guest_id": "G00102",
    "name": "Liam Lewis",
    "email": "liam.lewis41@email.com",
    "country": "Belgium",
    "loyalty_tier": "Silver"
  },
  {
    "guest_id": "G00103",
    "name": "Thomas Brown",
    "email": "thomas.brown50@email.com",
    "country": "India",
    "loyalty_tier": "None"
  },
  {
    "guest_id": "G00104",
    "name": "Mary White",
    "email": "mary.white56@email.com",
    "country": "USA",
    "loyalty_tier": "Silver"
  },
  {
    "guest_id": "G00105",
    "name": "Noah Moore",
    "email": "noah.moore88@email.com",
    "country": "Canada",
    "loyalty_tier": "None"
  },
  {
    "guest_id": "G00106",
    "name": "John Thompson",
    "email": "john.thompson43@email.com",
    "country": "Mexico",
    "loyalty_tier": "None"
  },
  {
    "guest_id": "G00107",
    "name": "Lucas Brown",
    "email": "lucas.brown93@email.com",
    "country": "Brazil",
    "loyalty_tier": "Silver"
  },
  {
    "guest_id": "G00108",
    "name": "Oliver Wilson",
    "email": "oliver.wilson42@email.com",
    "country": "Austria",
    "loyalty_tier": "Silver"
  },
  {
    "guest_id": "G00109",
    "name": "Sarah Jones",
    "email": "sarah.jones25@email.com",
    "country": "Belgium",
    "loyalty_tier": "Silver"
  },
  {
    "guest_id": "G00110",
    "name": "Richard Thompson",
    "email": "richard.thompson96@email.com",
    "country": "Italy",
    "loyalty_tier": "Silver"
  },
  {
    "guest_id": "G00111",
    "name": "Elizabeth Gonzalez",
    "email": "elizabeth.gonzalez71@email.com",
    "country": "USA",
    "loyalty_tier": "None"
  },
  {
    "guest_id": "G00112",
    "name": "Michael Wilson",
    "email": "michael.wilson75@email.com",
    "country": "Mexico",
    "loyalty_tier": "Silver"
  },
  {
    "guest_id": "G00113",
    "name": "Joseph Anderson",
    "email": "joseph.anderson57@email.com",
    "country": "Canada",
    "loyalty_tier": "Silver"
  },
  {
    "guest_id": "G00114",
    "name": "Noah Hall",
    "email": "noah.hall95@email.com",
    "country": "Italy",
    "loyalty_tier": "Silver"
  },
  {
    "guest_id": "G00115",
    "name": "Elizabeth Taylor",
    "email": "elizabeth.taylor85@email.com",
    "country": "Mexico",
    "loyalty_tier": "None"
  },
  {
    "guest_id": "G00116",
    "name": "Isabella Clark",
    "email": "isabella.clark31@email.com",
    "country": "Brazil",
    "loyalty_tier": "None"
  },
  {
    "guest_id": "G00117",
    "name": "Michael Jones",
    "email": "michael.jones4@email.com",
    "country": "UK",
    "loyalty_tier": "None"
  },
  {
    "guest_id": "G00118",
    "name": "Jessica Martin",
    "email": "jessica.martin99@email.com",
    "country": "Germany",
    "loyalty_tier": "None"
  },
  {
    "guest_id": "G00119",
    "name": "Mia Lee",
    "email": "mia.lee74@email.com",
    "country": "Canada",
    "loyalty_tier": "Silver"
  },
  {
    "guest_id": "G00120",
    "name": "Richard Thomas",
    "email": "richard.thomas52@email.com",
    "country": "Australia",
    "loyalty_tier": "None"
  },
  {
    "guest_id": "G00121",
    "name": "Sophia Smith",
    "email": "sophia.smith97@email.com",
    "country": "France",
    "loyalty_tier": "Silver"
  },
  {
    "guest_id": "G00122",
    "name": "Linda Garcia",
    "email": "linda.garcia90@email.com",
    "country": "Denmark",
    "loyalty_tier": "None"
  },
  {
    "guest_id": "G00123",
    "name": "Sarah Davis",
    "email": "sarah.davis16@email.com",
    "country": "Sweden",
    "loyalty_tier": "None"
  },
  {
    "guest_id": "G00124",
    "name": "Joseph Thompson",
    "email": "joseph.thompson68@email.com",
    "country": "China",
    "loyalty_tier": "Silver"
  },
  {
    "guest_id": "G00125",
    "name": "Ava Hall",
    "email": "ava.hall57@email.com",
    "country": "Mexico",
    "loyalty_tier": "Gold"
  },
  {
    "guest_id": "G00126",
    "name": "Mia Taylor",
    "email": "mia.taylor55@email.com",
    "country": "China",
    "loyalty_tier": "None"
  },
  {
    "guest_id": "G00127",
    "name": "Jennifer Harris",
    "email": "jennifer.harris61@email.com",
    "country": "Sweden",
    "loyalty_tier": "None"
  },
  {
    "guest_id": "G00128",
    "name": "Linda Robinson",
    "email": "linda.robinson82@email.com",
    "country": "Japan",
    "loyalty_tier": "Silver"
  },
  {
    "guest_id": "G00129",
    "name": "Thomas Thomas",
    "email": "thomas.thomas81@email.com",
    "country": "Australia",
    "loyalty_tier": "None"
  },
  {
    "guest_id": "G00130",
    "name": "John White",
    "email": "john.white37@email.com",
    "country": "Australia",
    "loyalty_tier": "None"
  },
  {
    "guest_id": "G00131",
    "name": "David Hall",
    "email": "david.hall70@email.com",
    "country": "Germany",
    "loyalty_tier": "None"
  },
  {
    "guest_id": "G00132",
    "name": "Linda Gonzalez",
    "email": "linda.gonzalez89@email.com",
    "country": "Spain",
    "loyalty_tier": "Silver"
  },
  {
    "guest_id": "G00133",
    "name": "John Wilson",
    "email": "john.wilson53@email.com",
    "country": "Netherlands",
    "loyalty_tier": "Silver"
  },
  {
    "guest_id": "G00134",
    "name": "Susan Johnson",
    "email": "susan.johnson27@email.com",
    "country": "Belgium",
    "loyalty_tier": "None"
  },
  {
    "guest_id": "G00135",
    "name": "Ava Jackson",
    "email": "ava.jackson90@email.com",
    "country": "USA",
    "loyalty_tier": "Gold"
  },
  {
    "guest_id": "G00136",
    "name": "Ava Jackson",
    "email": "ava.jackson49@email.com",
    "country": "Norway",
    "loyalty_tier": "None"
  },
  {
    "guest_id": "G00137",
    "name": "Barbara Martinez",
    "email": "barbara.martinez97@email.com",
    "country": "Austria",
    "loyalty_tier": "Gold"
  },
  {
    "guest_id": "G00138",
    "name": "Isabella Wilson",
    "email": "isabella.wilson69@email.com",
    "country": "China",
    "loyalty_tier": "Silver"
  },
  {
    "guest_id": "G00139",
    "name": "Mia Davis",
    "email": "mia.davis63@email.com",
    "country": "Australia",
    "loyalty_tier": "None"
  },
  {
    "guest_id": "G00140",
    "name": "Jessica Smith",
    "email": "jessica.smith50@email.com",
    "country": "Netherlands",
    "loyalty_tier": "Silver"
  },
  {
    "guest_id": "G00141",
    "name": "Noah Gonzalez",
    "email": "noah.gonzalez93@email.com",
    "country": "Italy",
    "loyalty_tier": "Gold"
  },
  {
    "guest_id": "G00142",
    "name": "Mason Jones",
    "email": "mason.jones80@email.com",
    "country": "China",
    "loyalty_tier": "None"
  },
  {
    "guest_id": "G00143",
    "name": "Richard Jackson",
    "email": "richard.jackson73@email.com",
    "country": "USA",
    "loyalty_tier": "None"
  },
  {
    "guest_id": "G00144",
    "name": "Susan Jones",
    "email": "susan.jones60@email.com",
    "country": "Italy",
    "loyalty_tier": "None"
  },
  {
    "guest_id": "G00145",
    "name": "Richard Hernandez",
    "email": "richard.hernandez28@email.com",
    "country": "Sweden",
    "loyalty_tier": "None"
  },
  {
    "guest_id": "G00146",
    "name": "Ava Hall",
    "email": "ava.hall49@email.com",
    "country": "Japan",
    "loyalty_tier": "Silver"
  },
  {
    "guest_id": "G00147",
    "name": "Isabella Wilson",
    "email": "isabella.wilson33@email.com",
    "country": "Germany",
    "loyalty_tier": "None"
  },
  {
    "guest_id": "G00148",
    "name": "Liam Moore",
    "email": "liam.moore7@email.com",
    "country": "Switzerland",
    "loyalty_tier": "None"
  },
  {
    "guest_id": "G00149",
    "name": "John Clark",
    "email": "john.clark84@email.com",
    "country": "UK",
    "loyalty_tier": "Silver"
  },
  {
    "guest_id": "G00150",
    "name": "Linda Miller",
    "email": "linda.miller3@email.com",
    "country": "Mexico",
    "loyalty_tier": "None"
  },
  {
    "guest_id": "G00151",
    "name": "Robert Thomas",
    "email": "robert.thomas86@email.com",
    "country": "France",
    "loyalty_tier": "Silver"
  },
  {
    "guest_id": "G00152",
    "name": "Michael Anderson",
    "email": "michael.anderson90@email.com",
    "country": "Japan",
    "loyalty_tier": "Silver"
  },
  {
    "guest_id": "G00153",
    "name": "Jennifer Martin",
    "email": "jennifer.martin78@email.com",
    "country": "France",
    "loyalty_tier": "Silver"
  },
  {
    "guest_id": "G00154",
    "name": "Jennifer Martinez",
    "email": "jennifer.martinez14@email.com",
    "country": "India",
    "loyalty_tier": "None"
  },
  {
    "guest_id": "G00155",
    "name": "Elizabeth Jackson",
    "email": "elizabeth.jackson87@email.com",
    "country": "Austria",
    "loyalty_tier": "None"
  },
  {
    "guest_id": "G00156",
    "name": "Sophia Miller",
    "email": "sophia.miller10@email.com",
    "country": "India",
    "loyalty_tier": "Silver"
  },
  {
    "guest_id": "G00157",
    "name": "Emma Davis",
    "email": "emma.davis14@email.com",
    "country": "Brazil",
    "loyalty_tier": "Gold"
  },
  {
    "guest_id": "G00158",
    "name": "Karen Lewis",
    "email": "karen.lewis16@email.com",
    "country": "India",
    "loyalty_tier": "Silver"
  },
  {
    "guest_id": "G00159",
    "name": "Barbara Moore",
    "email": "barbara.moore55@email.com",
    "country": "Switzerland",
    "loyalty_tier": "None"
  },
  {
    "guest_id": "G00160",
    "name": "Emma Hernandez",
    "email": "emma.hernandez2@email.com",
    "country": "Belgium",
    "loyalty_tier": "Gold"
  },
  {
    "guest_id": "G00161",
    "name": "Patricia Wilson",
    "email": "patricia.wilson47@email.com",
    "country": "Sweden",
    "loyalty_tier": "Silver"
  },
  {
    "guest_id": "G00162",
    "name": "Susan Garcia",
    "email": "susan.garcia94@email.com",
    "country": "Denmark",
    "loyalty_tier": "Platinum"
  },
  {
    "guest_id": "G00163",
    "name": "William Martin",
    "email": "william.martin69@email.com",
    "country": "Norway",
    "loyalty_tier": "None"
  },
  {
    "guest_id": "G00164",
    "name": "Isabella Harris",
    "email": "isabella.harris76@email.com",
    "country": "Japan",
    "loyalty_tier": "None"
  },
  {
    "guest_id": "G00165",
    "name": "Linda Robinson",
    "email": "linda.robinson12@email.com",
    "country": "Japan",
    "loyalty_tier": "Gold"
  },
  {
    "guest_id": "G00166",
    "name": "Linda Clark",
    "email": "linda.clark60@email.com",
    "country": "India",
    "loyalty_tier": "Silver"
  },
  {
    "guest_id": "G00167",
    "name": "Richard Hernandez",
    "email": "richard.hernandez4@email.com",
    "country": "Norway",
    "loyalty_tier": "Gold"
  },
  {
    "guest_id": "G00168",
    "name": "Jennifer Thomas",
    "email": "jennifer.thomas28@email.com",
    "country": "Switzerland",
    "loyalty_tier": "Silver"
  },
  {
    "guest_id": "G00169",
    "name": "David Rodriguez",
    "email": "david.rodriguez77@email.com",
    "country": "Japan",
    "loyalty_tier": "Silver"
  },
  {
    "guest_id": "G00170",
    "name": "Thomas Miller",
    "email": "thomas.miller11@email.com",
    "country": "Australia",
    "loyalty_tier": "Silver"
  },
  {
    "guest_id": "G00171",
    "name": "Jessica Moore",
    "email": "jessica.moore98@email.com",
    "country": "Australia",
    "loyalty_tier": "Silver"
  },
  {
    "guest_id": "G00172",
    "name": "Emma White",
    "email": "emma.white63@email.com",
    "country": "Sweden",
    "loyalty_tier": "Silver"
  },
  {
    "guest_id": "G00173",
    "name": "John Martinez",
    "email": "john.martinez29@email.com",
    "country": "Austria",
    "loyalty_tier": "Silver"
  },
  {
    "guest_id": "G00174",
    "name": "Elizabeth Thompson",
    "email": "elizabeth.thompson75@email.com",
    "country": "Switzerland",
    "loyalty_tier": "None"
  },
  {
    "guest_id": "G00175",
    "name": "Thomas Lopez",
    "email": "thomas.lopez55@email.com",
    "country": "China",
    "loyalty_tier": "None"
  },
  {
    "guest_id": "G00176",
    "name": "Sophia Anderson",
    "email": "sophia.anderson35@email.com",
    "country": "Brazil",
    "loyalty_tier": "None"
  },
  {
    "guest_id": "G00177",
    "name": "Patricia Harris",
    "email": "patricia.harris25@email.com",
    "country": "Netherlands",
    "loyalty_tier": "None"
  },
  {
    "guest_id": "G00178",
    "name": "Sarah Clark",
    "email": "sarah.clark89@email.com",
    "country": "Italy",
    "loyalty_tier": "None"
  },
  {
    "guest_id": "G00179",
    "name": "Liam Thomas",
    "email": "liam.thomas36@email.com",
    "country": "India",
    "loyalty_tier": "Platinum"
  },
  {
    "guest_id": "G00180",
    "name": "Thomas Martin",
    "email": "thomas.martin37@email.com",
    "country": "France",
    "loyalty_tier": "Gold"
  },
  {
    "guest_id": "G00181",
    "name": "Elizabeth Davis",
    "email": "elizabeth.davis47@email.com",
    "country": "Italy",
    "loyalty_tier": "None"
  },
  {
    "guest_id": "G00182",
    "name": "Sophia Moore",
    "email": "sophia.moore17@email.com",
    "country": "Japan",
    "loyalty_tier": "None"
  },
  {
    "guest_id": "G00183",
    "name": "Mary Moore",
    "email": "mary.moore38@email.com",
    "country": "Spain",
    "loyalty_tier": "Silver"
  },
  {
    "guest_id": "G00184",
    "name": "Ava Thomas",
    "email": "ava.thomas14@email.com",
    "country": "USA",
    "loyalty_tier": "Silver"
  },
  {
    "guest_id": "G00185",
    "name": "Jessica Thomas",
    "email": "jessica.thomas57@email.com",
    "country": "Netherlands",
    "loyalty_tier": "None"
  },
  {
    "guest_id": "G00186",
    "name": "Mary Rodriguez",
    "email": "mary.rodriguez62@email.com",
    "country": "France",
    "loyalty_tier": "Gold"
  },
  {
    "guest_id": "G00187",
    "name": "Richard Thomas",
    "email": "richard.thomas10@email.com",
    "country": "India",
    "loyalty_tier": "Silver"
  },
  {
    "guest_id": "G00188",
    "name": "Mary Jones",
    "email": "mary.jones20@email.com",
    "country": "India",
    "loyalty_tier": "Gold"
  },
  {
    "guest_id": "G00189",
    "name": "John Davis",
    "email": "john.davis16@email.com",
    "country": "China",
    "loyalty_tier": "Silver"
  },
  {
    "guest_id": "G00190",
    "name": "Karen Martin",
    "email": "karen.martin80@email.com",
    "country": "Australia",
    "loyalty_tier": "Silver"
  },
  {
    "guest_id": "G00191",
    "name": "Richard Anderson",
    "email": "richard.anderson57@email.com",
    "country": "Brazil",
    "loyalty_tier": "Gold"
  },
  {
    "guest_id": "G00192",
    "name": "Susan Martinez",
    "email": "susan.martinez73@email.com",
    "country": "Mexico",
    "loyalty_tier": "None"
  },
  {
    "guest_id": "G00193",
    "name": "Liam Brown",
    "email": "liam.brown98@email.com",
    "country": "Canada",
    "loyalty_tier": "Silver"
  },
  {
    "guest_id": "G00194",
    "name": "William Thompson",
    "email": "william.thompson11@email.com",
    "country": "Italy",
    "loyalty_tier": "None"
  },
  {
    "guest_id": "G00195",
    "name": "Sarah Williams",
    "email": "sarah.williams21@email.com",
    "country": "USA",
    "loyalty_tier": "None"
  },
  {
    "guest_id": "G00196",
    "name": "Sophia Martin",
    "email": "sophia.martin61@email.com",
    "country": "Brazil",
    "loyalty_tier": "None"
  },
  {
    "guest_id": "G00197",
    "name": "Elizabeth White",
    "email": "elizabeth.white37@email.com",
    "country": "Sweden",
    "loyalty_tier": "None"
  },
  {
    "guest_id": "G00198",
    "name": "Linda Allen",
    "email": "linda.allen34@email.com",
    "country": "India",
    "loyalty_tier": "Silver"
  },
  {
    "guest_id": "G00199",
    "name": "Mason Miller",
    "email": "mason.miller55@email.com",
    "country": "France",
    "loyalty_tier": "Silver"
  },
  {
    "guest_id": "G00200",
    "name": "Emma Jones",
    "email": "emma.jones35@email.com",
    "country": "Spain",
    "loyalty_tier": "None"
  },
  {
    "guest_id": "G00201",
    "name": "Jennifer Lewis",
    "email": "jennifer.lewis40@email.com",
    "country": "Mexico",
    "loyalty_tier": "Silver"
  },
  {
    "guest_id": "G00202",
    "name": "Charles Allen",
    "email": "charles.allen37@email.com",
    "country": "Sweden",
    "loyalty_tier": "None"
  },
  {
    "guest_id": "G00203",
    "name": "Sophia Martinez",
    "email": "sophia.martinez90@email.com",
    "country": "Austria",
    "loyalty_tier": "Gold"
  },
  {
    "guest_id": "G00204",
    "name": "Thomas Moore",
    "email": "thomas.moore64@email.com",
    "country": "Sweden",
    "loyalty_tier": "None"
  },
  {
    "guest_id": "G00205",
    "name": "Mary Hall",
    "email": "mary.hall56@email.com",
    "country": "Netherlands",
    "loyalty_tier": "Silver"
  },
  {
    "guest_id": "G00206",
    "name": "James Williams",
    "email": "james.williams30@email.com",
    "country": "India",
    "loyalty_tier": "Silver"
  },
  {
    "guest_id": "G00207",
    "name": "James Clark",
    "email": "james.clark87@email.com",
    "country": "Japan",
    "loyalty_tier": "Silver"
  },
  {
    "guest_id": "G00208",
    "name": "Ava Clark",
    "email": "ava.clark23@email.com",
    "country": "Norway",
    "loyalty_tier": "Silver"
  },
  {
    "guest_id": "G00209",
    "name": "Joseph Allen",
    "email": "joseph.allen36@email.com",
    "country": "Italy",
    "loyalty_tier": "Platinum"
  },
  {
    "guest_id": "G00210",
    "name": "Susan Lee",
    "email": "susan.lee63@email.com",
    "country": "Germany",
    "loyalty_tier": "None"
  },
  {
    "guest_id": "G00211",
    "name": "Susan Hernandez",
    "email": "susan.hernandez42@email.com",
    "country": "France",
    "loyalty_tier": "Gold"
  },
  {
    "guest_id": "G00212",
    "name": "David Wilson",
    "email": "david.wilson89@email.com",
    "country": "Norway",
    "loyalty_tier": "None"
  },
  {
    "guest_id": "G00213",
    "name": "Richard Robinson",
    "email": "richard.robinson98@email.com",
    "country": "China",
    "loyalty_tier": "None"
  },
  {
    "guest_id": "G00214",
    "name": "John Hernandez",
    "email": "john.hernandez33@email.com",
    "country": "Netherlands",
    "loyalty_tier": "None"
  },
  {
    "guest_id": "G00215",
    "name": "Ava Gonzalez",
    "email": "ava.gonzalez66@email.com",
    "country": "USA",
    "loyalty_tier": "Silver"
  },
  {
    "guest_id": "G00216",
    "name": "Sarah Anderson",
    "email": "sarah.anderson53@email.com",
    "country": "UK",
    "loyalty_tier": "None"
  },
  {
    "guest_id": "G00217",
    "name": "Barbara Martin",
    "email": "barbara.martin97@email.com",
    "country": "Norway",
    "loyalty_tier": "Silver"
  },
  {
    "guest_id": "G00218",
    "name": "Ava Johnson",
    "email": "ava.johnson27@email.com",
    "country": "Japan",
    "loyalty_tier": "Silver"
  },
  {
    "guest_id": "G00219",
    "name": "Mason Martinez",
    "email": "mason.martinez57@email.com",
    "country": "Norway",
    "loyalty_tier": "None"
  },
  {
    "guest_id": "G00220",
    "name": "Emma Martin",
    "email": "emma.martin31@email.com",
    "country": "Italy",
    "loyalty_tier": "None"
  },
  {
    "guest_id": "G00221",
    "name": "James Moore",
    "email": "james.moore53@email.com",
    "country": "Germany",
    "loyalty_tier": "None"
  },
  {
    "guest_id": "G00222",
    "name": "Isabella Allen",
    "email": "isabella.allen15@email.com",
    "country": "Sweden",
    "loyalty_tier": "Gold"
  },
  {
    "guest_id": "G00223",
    "name": "Emma Robinson",
    "email": "emma.robinson20@email.com",
    "country": "Norway",
    "loyalty_tier": "Gold"
  },
  {
    "guest_id": "G00224",
    "name": "Elizabeth Taylor",
    "email": "elizabeth.taylor91@email.com",
    "country": "Japan",
    "loyalty_tier": "None"
  },
  {
    "guest_id": "G00225",
    "name": "Jessica Thomas",
    "email": "jessica.thomas32@email.com",
    "country": "Sweden",
    "loyalty_tier": "Silver"
  },
  {
    "guest_id": "G00226",
    "name": "Richard Miller",
    "email": "richard.miller77@email.com",
    "country": "Denmark",
    "loyalty_tier": "Silver"
  },
  {
    "guest_id": "G00227",
    "name": "Robert Walker",
    "email": "robert.walker9@email.com",
    "country": "Japan",
    "loyalty_tier": "Silver"
  },
  {
    "guest_id": "G00228",
    "name": "Lucas Wilson",
    "email": "lucas.wilson44@email.com",
    "country": "Denmark",
    "loyalty_tier": "None"
  },
  {
    "guest_id": "G00229",
    "name": "James Martinez",
    "email": "james.martinez93@email.com",
    "country": "Brazil",
    "loyalty_tier": "Gold"
  },
  {
    "guest_id": "G00230",
    "name": "Charles Thompson",
    "email": "charles.thompson63@email.com",
    "country": "Spain",
    "loyalty_tier": "None"
  },
  {
    "guest_id": "G00231",
    "name": "Jessica Lopez",
    "email": "jessica.lopez43@email.com",
    "country": "China",
    "loyalty_tier": "Silver"
  },
  {
    "guest_id": "G00232",
    "name": "Richard Anderson",
    "email": "richard.anderson42@email.com",
    "country": "Canada",
    "loyalty_tier": "Platinum"
  },
  {
    "guest_id": "G00233",
    "name": "Linda Jackson",
    "email": "linda.jackson50@email.com",
    "country": "Australia",
    "loyalty_tier": "Gold"
  },
  {
    "guest_id": "G00234",
    "name": "Susan Johnson",
    "email": "susan.johnson41@email.com",
    "country": "Norway",
    "loyalty_tier": "Silver"
  },
  {
    "guest_id": "G00235",
    "name": "Noah Gonzalez",
    "email": "noah.gonzalez50@email.com",
    "country": "Spain",
    "loyalty_tier": "None"
  },
  {
    "guest_id": "G00236",
    "name": "Mary Jones",
    "email": "mary.jones65@email.com",
    "country": "India",
    "loyalty_tier": "None"
  },
  {
    "guest_id": "G00237",
    "name": "Patricia Walker",
    "email": "patricia.walker57@email.com",
    "country": "France",
    "loyalty_tier": "Silver"
  },
  {
    "guest_id": "G00238",
    "name": "Joseph Smith",
    "email": "joseph.smith93@email.com",
    "country": "Spain",
    "loyalty_tier": "None"
  },
  {
    "guest_id": "G00239",
    "name": "Emma Jones",
    "email": "emma.jones10@email.com",
    "country": "Norway",
    "loyalty_tier": "Silver"
  },
  {
    "guest_id": "G00240",
    "name": "William Hernandez",
    "email": "william.hernandez80@email.com",
    "country": "Austria",
    "loyalty_tier": "Silver"
  },
  {
    "guest_id": "G00241",
    "name": "Lucas Hernandez",
    "email": "lucas.hernandez87@email.com",
    "country": "China",
    "loyalty_tier": "None"
  },
  {
    "guest_id": "G00242",
    "name": "David Lee",
    "email": "david.lee92@email.com",
    "country": "Norway",
    "loyalty_tier": "Gold"
  },
  {
    "guest_id": "G00243",
    "name": "Mary Martin",
    "email": "mary.martin9@email.com",
    "country": "Australia",
    "loyalty_tier": "Silver"
  },
  {
    "guest_id": "G00244",
    "name": "Mason Martinez",
    "email": "mason.martinez30@email.com",
    "country": "Germany",
    "loyalty_tier": "None"
  },
  {
    "guest_id": "G00245",
    "name": "Patricia Clark",
    "email": "patricia.clark82@email.com",
    "country": "France",
    "loyalty_tier": "None"
  },
  {
    "guest_id": "G00246",
    "name": "Sophia Martinez",
    "email": "sophia.martinez4@email.com",
    "country": "UK",
    "loyalty_tier": "None"
  },
  {
    "guest_id": "G00247",
    "name": "Mary Martinez",
    "email": "mary.martinez46@email.com",
    "country": "Switzerland",
    "loyalty_tier": "None"
  },
  {
    "guest_id": "G00248",
    "name": "Linda Taylor",
    "email": "linda.taylor53@email.com",
    "country": "India",
    "loyalty_tier": "Silver"
  },
  {
    "guest_id": "G00249",
    "name": "Jennifer Garcia",
    "email": "jennifer.garcia23@email.com",
    "country": "Germany",
    "loyalty_tier": "Silver"
  },
  {
    "guest_id": "G00250",
    "name": "Richard Martin",
    "email": "richard.martin88@email.com",
    "country": "Australia",
    "loyalty_tier": "None"
  },
  {
    "guest_id": "G00251",
    "name": "Charles Jones",
    "email": "charles.jones30@email.com",
    "country": "Sweden",
    "loyalty_tier": "Silver"
  },
  {
    "guest_id": "G00252",
    "name": "Joseph Rodriguez",
    "email": "joseph.rodriguez86@email.com",
    "country": "USA",
    "loyalty_tier": "Gold"
  },
  {
    "guest_id": "G00253",
    "name": "Joseph Hall",
    "email": "joseph.hall37@email.com",
    "country": "China",
    "loyalty_tier": "None"
  },
  {
    "guest_id": "G00254",
    "name": "Joseph Lopez",
    "email": "joseph.lopez76@email.com",
    "country": "Brazil",
    "loyalty_tier": "Silver"
  },
  {
    "guest_id": "G00255",
    "name": "Susan White",
    "email": "susan.white33@email.com",
    "country": "Sweden",
    "loyalty_tier": "Gold"
  },
  {
    "guest_id": "G00256",
    "name": "Michael Gonzalez",
    "email": "michael.gonzalez62@email.com",
    "country": "France",
    "loyalty_tier": "None"
  },
  {
    "guest_id": "G00257",
    "name": "Charles Lopez",
    "email": "charles.lopez74@email.com",
    "country": "Brazil",
    "loyalty_tier": "Platinum"
  },
  {
    "guest_id": "G00258",
    "name": "Elizabeth Smith",
    "email": "elizabeth.smith85@email.com",
    "country": "Austria",
    "loyalty_tier": "None"
  },
  {
    "guest_id": "G00259",
    "name": "Charles Walker",
    "email": "charles.walker88@email.com",
    "country": "UK",
    "loyalty_tier": "Gold"
  },
  {
    "guest_id": "G00260",
    "name": "Liam Thomas",
    "email": "liam.thomas37@email.com",
    "country": "Australia",
    "loyalty_tier": "Silver"
  },
  {
    "guest_id": "G00261",
    "name": "Barbara Davis",
    "email": "barbara.davis82@email.com",
    "country": "Canada",
    "loyalty_tier": "Silver"
  },
  {
    "guest_id": "G00262",
    "name": "Oliver Clark",
    "email": "oliver.clark93@email.com",
    "country": "Spain",
    "loyalty_tier": "Silver"
  },
  {
    "guest_id": "G00263",
    "name": "Mia Lee",
    "email": "mia.lee83@email.com",
    "country": "UK",
    "loyalty_tier": "None"
  },
  {
    "guest_id": "G00264",
    "name": "Joseph Johnson",
    "email": "joseph.johnson75@email.com",
    "country": "Switzerland",
    "loyalty_tier": "Silver"
  },
  {
    "guest_id": "G00265",
    "name": "John Allen",
    "email": "john.allen38@email.com",
    "country": "Netherlands",
    "loyalty_tier": "Silver"
  },
  {
    "guest_id": "G00266",
    "name": "Jennifer Miller",
    "email": "jennifer.miller17@email.com",
    "country": "China",
    "loyalty_tier": "Gold"
  },
  {
    "guest_id": "G00267",
    "name": "Barbara Taylor",
    "email": "barbara.taylor65@email.com",
    "country": "Japan",
    "loyalty_tier": "Gold"
  },
  {
    "guest_id": "G00268",
    "name": "William Allen",
    "email": "william.allen62@email.com",
    "country": "Brazil",
    "loyalty_tier": "Silver"
  },
  {
    "guest_id": "G00269",
    "name": "David Lewis",
    "email": "david.lewis15@email.com",
    "country": "Sweden",
    "loyalty_tier": "Platinum"
  },
  {
    "guest_id": "G00270",
    "name": "Robert Clark",
    "email": "robert.clark29@email.com",
    "country": "Austria",
    "loyalty_tier": "Platinum"
  },
  {
    "guest_id": "G00271",
    "name": "Noah Moore",
    "email": "noah.moore47@email.com",
    "country": "Germany",
    "loyalty_tier": "Silver"
  },
  {
    "guest_id": "G00272",
    "name": "James Rodriguez",
    "email": "james.rodriguez69@email.com",
    "country": "France",
    "loyalty_tier": "None"
  },
  {
    "guest_id": "G00273",
    "name": "Oliver Harris",
    "email": "oliver.harris87@email.com",
    "country": "Japan",
    "loyalty_tier": "Silver"
  },
  {
    "guest_id": "G00274",
    "name": "Isabella Lee",
    "email": "isabella.lee48@email.com",
    "country": "France",
    "loyalty_tier": "Silver"
  },
  {
    "guest_id": "G00275",
    "name": "Jessica Smith",
    "email": "jessica.smith80@email.com",
    "country": "China",
    "loyalty_tier": "None"
  },
  {
    "guest_id": "G00276",
    "name": "Karen Davis",
    "email": "karen.davis83@email.com",
    "country": "Germany",
    "loyalty_tier": "Silver"
  },
  {
    "guest_id": "G00277",
    "name": "Joseph Allen",
    "email": "joseph.allen90@email.com",
    "country": "Brazil",
    "loyalty_tier": "Silver"
  },
  {
    "guest_id": "G00278",
    "name": "Patricia Jones",
    "email": "patricia.jones6@email.com",
    "country": "UK",
    "loyalty_tier": "None"
  },
  {
    "guest_id": "G00279",
    "name": "Jessica Brown",
    "email": "jessica.brown13@email.com",
    "country": "Australia",
    "loyalty_tier": "Gold"
  },
  {
    "guest_id": "G00280",
    "name": "Robert Gonzalez",
    "email": "robert.gonzalez59@email.com",
    "country": "Switzerland",
    "loyalty_tier": "Silver"
  },
  {
    "guest_id": "G00281",
    "name": "Liam White",
    "email": "liam.white70@email.com",
    "country": "Belgium",
    "loyalty_tier": "Silver"
  },
  {
    "guest_id": "G00282",
    "name": "Liam Jones",
    "email": "liam.jones54@email.com",
    "country": "France",
    "loyalty_tier": "Gold"
  },
  {
    "guest_id": "G00283",
    "name": "Karen Wilson",
    "email": "karen.wilson36@email.com",
    "country": "UK",
    "loyalty_tier": "Silver"
  },
  {
    "guest_id": "G00284",
    "name": "Michael Anderson",
    "email": "michael.anderson57@email.com",
    "country": "Australia",
    "loyalty_tier": "Gold"
  },
  {
    "guest_id": "G00285",
    "name": "Patricia Thompson",
    "email": "patricia.thompson48@email.com",
    "country": "China",
    "loyalty_tier": "Gold"
  },
  {
    "guest_id": "G00286",
    "name": "Emma Lopez",
    "email": "emma.lopez8@email.com",
    "country": "Austria",
    "loyalty_tier": "None"
  },
  {
    "guest_id": "G00287",
    "name": "Patricia Walker",
    "email": "patricia.walker59@email.com",
    "country": "Germany",
    "loyalty_tier": "Silver"
  },
  {
    "guest_id": "G00288",
    "name": "Emma Lee",
    "email": "emma.lee77@email.com",
    "country": "USA",
    "loyalty_tier": "None"
  },
  {
    "guest_id": "G00289",
    "name": "David Davis",
    "email": "david.davis17@email.com",
    "country": "India",
    "loyalty_tier": "None"
  },
  {
    "guest_id": "G00290",
    "name": "Isabella Clark",
    "email": "isabella.clark71@email.com",
    "country": "Canada",
    "loyalty_tier": "Silver"
  },
  {
    "guest_id": "G00291",
    "name": "Isabella Walker",
    "email": "isabella.walker30@email.com",
    "country": "Netherlands",
    "loyalty_tier": "Silver"
  },
  {
    "guest_id": "G00292",
    "name": "Noah Hall",
    "email": "noah.hall77@email.com",
    "country": "USA",
    "loyalty_tier": "None"
  },
  {
    "guest_id": "G00293",
    "name": "Robert Jones",
    "email": "robert.jones70@email.com",
    "country": "Japan",
    "loyalty_tier": "Silver"
  },
  {
    "guest_id": "G00294",
    "name": "Patricia Thompson",
    "email": "patricia.thompson4@email.com",
    "country": "Spain",
    "loyalty_tier": "None"
  },
  {
    "guest_id": "G00295",
    "name": "Noah Lewis",
    "email": "noah.lewis31@email.com",
    "country": "India",
    "loyalty_tier": "None"
  },
  {
    "guest_id": "G00296",
    "name": "Jennifer Rodriguez",
    "email": "jennifer.rodriguez7@email.com",
    "country": "Spain",
    "loyalty_tier": "Silver"
  },
  {
    "guest_id": "G00297",
    "name": "Thomas Brown",
    "email": "thomas.brown96@email.com",
    "country": "Germany",
    "loyalty_tier": "None"
  },
  {
    "guest_id": "G00298",
    "name": "Ava Lopez",
    "email": "ava.lopez66@email.com",
    "country": "India",
    "loyalty_tier": "None"
  },
  {
    "guest_id": "G00299",
    "name": "Thomas Davis",
    "email": "thomas.davis79@email.com",
    "country": "UK",
    "loyalty_tier": "Silver"
  },
  {
    "guest_id": "G00300",
    "name": "Mason Walker",
    "email": "mason.walker85@email.com",
    "country": "Denmark",
    "loyalty_tier": "None"
  },
  {
    "guest_id": "G00301",
    "name": "Emma Smith",
    "email": "emma.smith8@email.com",
    "country": "Norway",
    "loyalty_tier": "Gold"
  },
  {
    "guest_id": "G00302",
    "name": "Susan Thompson",
    "email": "susan.thompson14@email.com",
    "country": "Norway",
    "loyalty_tier": "Silver"
  },
  {
    "guest_id": "G00303",
    "name": "Joseph Williams",
    "email": "joseph.williams11@email.com",
    "country": "Netherlands",
    "loyalty_tier": "Silver"
  },
  {
    "guest_id": "G00304",
    "name": "John Jones",
    "email": "john.jones36@email.com",
    "country": "Mexico",
    "loyalty_tier": "Silver"
  },
  {
    "guest_id": "G00305",
    "name": "Sarah White",
    "email": "sarah.white42@email.com",
    "country": "Austria",
    "loyalty_tier": "Platinum"
  },
  {
    "guest_id": "G00306",
    "name": "Thomas Martinez",
    "email": "thomas.martinez59@email.com",
    "country": "Denmark",
    "loyalty_tier": "Silver"
  },
  {
    "guest_id": "G00307",
    "name": "Patricia Lewis",
    "email": "patricia.lewis90@email.com",
    "country": "France",
    "loyalty_tier": "Gold"
  },
  {
    "guest_id": "G00308",
    "name": "Emma Hall",
    "email": "emma.hall99@email.com",
    "country": "China",
    "loyalty_tier": "Silver"
  },
  {
    "guest_id": "G00309",
    "name": "Michael Wilson",
    "email": "michael.wilson58@email.com",
    "country": "Australia",
    "loyalty_tier": "None"
  },
  {
    "guest_id": "G00310",
    "name": "Isabella Anderson",
    "email": "isabella.anderson52@email.com",
    "country": "Belgium",
    "loyalty_tier": "Silver"
  },
  {
    "guest_id": "G00311",
    "name": "David Wilson",
    "email": "david.wilson41@email.com",
    "country": "Japan",
    "loyalty_tier": "None"
  },
  {
    "guest_id": "G00312",
    "name": "Robert Thompson",
    "email": "robert.thompson61@email.com",
    "country": "Germany",
    "loyalty_tier": "None"
  },
  {
    "guest_id": "G00313",
    "name": "John Williams",
    "email": "john.williams56@email.com",
    "country": "France",
    "loyalty_tier": "Silver"
  },
  {
    "guest_id": "G00314",
    "name": "Barbara Lewis",
    "email": "barbara.lewis17@email.com",
    "country": "China",
    "loyalty_tier": "None"
  },
  {
    "guest_id": "G00315",
    "name": "Sarah Moore",
    "email": "sarah.moore43@email.com",
    "country": "France",
    "loyalty_tier": "None"
  },
  {
    "guest_id": "G00316",
    "name": "Lucas Thompson",
    "email": "lucas.thompson97@email.com",
    "country": "Belgium",
    "loyalty_tier": "Gold"
  },
  {
    "guest_id": "G00317",
    "name": "Liam Johnson",
    "email": "liam.johnson37@email.com",
    "country": "Mexico",
    "loyalty_tier": "None"
  },
  {
    "guest_id": "G00318",
    "name": "Patricia Jackson",
    "email": "patricia.jackson65@email.com",
    "country": "Canada",
    "loyalty_tier": "None"
  },
  {
    "guest_id": "G00319",
    "name": "Jessica Davis",
    "email": "jessica.davis14@email.com",
    "country": "Switzerland",
    "loyalty_tier": "Gold"
  },
  {
    "guest_id": "G00320",
    "name": "Barbara Brown",
    "email": "barbara.brown98@email.com",
    "country": "Japan",
    "loyalty_tier": "Silver"
  },
  {
    "guest_id": "G00321",
    "name": "Noah Wilson",
    "email": "noah.wilson72@email.com",
    "country": "Mexico",
    "loyalty_tier": "Silver"
  },
  {
    "guest_id": "G00322",
    "name": "Emma Moore",
    "email": "emma.moore4@email.com",
    "country": "Mexico",
    "loyalty_tier": "Gold"
  },
  {
    "guest_id": "G00323",
    "name": "Isabella White",
    "email": "isabella.white35@email.com",
    "country": "USA",
    "loyalty_tier": "None"
  },
  {
    "guest_id": "G00324",
    "name": "Sophia Clark",
    "email": "sophia.clark40@email.com",
    "country": "Netherlands",
    "loyalty_tier": "None"
  },
  {
    "guest_id": "G00325",
    "name": "Jennifer Walker",
    "email": "jennifer.walker19@email.com",
    "country": "India",
    "loyalty_tier": "Silver"
  },
  {
    "guest_id": "G00326",
    "name": "John Jones",
    "email": "john.jones95@email.com",
    "country": "USA",
    "loyalty_tier": "None"
  },
  {
    "guest_id": "G00327",
    "name": "Thomas Miller",
    "email": "thomas.miller49@email.com",
    "country": "Belgium",
    "loyalty_tier": "None"
  },
  {
    "guest_id": "G00328",
    "name": "Jennifer Lopez",
    "email": "jennifer.lopez40@email.com",
    "country": "Netherlands",
    "loyalty_tier": "Silver"
  },
  {
    "guest_id": "G00329",
    "name": "Charles Martin",
    "email": "charles.martin11@email.com",
    "country": "UK",
    "loyalty_tier": "None"
  },
  {
    "guest_id": "G00330",
    "name": "Ava Martin",
    "email": "ava.martin7@email.com",
    "country": "Germany",
    "loyalty_tier": "None"
  },
  {
    "guest_id": "G00331",
    "name": "Oliver Wilson",
    "email": "oliver.wilson63@email.com",
    "country": "Mexico",
    "loyalty_tier": "None"
  },
  {
    "guest_id": "G00332",
    "name": "William Miller",
    "email": "william.miller97@email.com",
    "country": "Denmark",
    "loyalty_tier": "None"
  },
  {
    "guest_id": "G00333",
    "name": "Susan Brown",
    "email": "susan.brown37@email.com",
    "country": "India",
    "loyalty_tier": "None"
  },
  {
    "guest_id": "G00334",
    "name": "Oliver Martinez",
    "email": "oliver.martinez6@email.com",
    "country": "Australia",
    "loyalty_tier": "None"
  },
  {
    "guest_id": "G00335",
    "name": "Karen Johnson",
    "email": "karen.johnson1@email.com",
    "country": "Canada",
    "loyalty_tier": "None"
  },
  {
    "guest_id": "G00336",
    "name": "Michael Clark",
    "email": "michael.clark18@email.com",
    "country": "Japan",
    "loyalty_tier": "None"
  },
  {
    "guest_id": "G00337",
    "name": "Patricia Smith",
    "email": "patricia.smith64@email.com",
    "country": "Belgium",
    "loyalty_tier": "None"
  },
  {
    "guest_id": "G00338",
    "name": "Richard Moore",
    "email": "richard.moore91@email.com",
    "country": "Australia",
    "loyalty_tier": "Silver"
  },
  {
    "guest_id": "G00339",
    "name": "Isabella Thompson",
    "email": "isabella.thompson46@email.com",
    "country": "Germany",
    "loyalty_tier": "None"
  },
  {
    "guest_id": "G00340",
    "name": "Liam Johnson",
    "email": "liam.johnson56@email.com",
    "country": "USA",
    "loyalty_tier": "None"
  },
  {
    "guest_id": "G00341",
    "name": "John Walker",
    "email": "john.walker41@email.com",
    "country": "India",
    "loyalty_tier": "None"
  },
  {
    "guest_id": "G00342",
    "name": "Richard White",
    "email": "richard.white82@email.com",
    "country": "Belgium",
    "loyalty_tier": "None"
  },
  {
    "guest_id": "G00343",
    "name": "Richard Smith",
    "email": "richard.smith42@email.com",
    "country": "Italy",
    "loyalty_tier": "Gold"
  },
  {
    "guest_id": "G00344",
    "name": "Karen Anderson",
    "email": "karen.anderson89@email.com",
    "country": "Switzerland",
    "loyalty_tier": "None"
  },
  {
    "guest_id": "G00345",
    "name": "Lucas Brown",
    "email": "lucas.brown32@email.com",
    "country": "Belgium",
    "loyalty_tier": "Silver"
  },
  {
    "guest_id": "G00346",
    "name": "Thomas Williams",
    "email": "thomas.williams51@email.com",
    "country": "Brazil",
    "loyalty_tier": "Silver"
  },
  {
    "guest_id": "G00347",
    "name": "Linda Hernandez",
    "email": "linda.hernandez22@email.com",
    "country": "Germany",
    "loyalty_tier": "Silver"
  },
  {
    "guest_id": "G00348",
    "name": "Patricia Taylor",
    "email": "patricia.taylor66@email.com",
    "country": "Canada",
    "loyalty_tier": "Gold"
  },
  {
    "guest_id": "G00349",
    "name": "Barbara Lopez",
    "email": "barbara.lopez94@email.com",
    "country": "Spain",
    "loyalty_tier": "None"
  },
  {
    "guest_id": "G00350",
    "name": "Robert Rodriguez",
    "email": "robert.rodriguez26@email.com",
    "country": "Italy",
    "loyalty_tier": "Silver"
  },
  {
    "guest_id": "G00351",
    "name": "Ava Clark",
    "email": "ava.clark84@email.com",
    "country": "Germany",
    "loyalty_tier": "None"
  },
  {
    "guest_id": "G00352",
    "name": "Ava Lee",
    "email": "ava.lee64@email.com",
    "country": "Sweden",
    "loyalty_tier": "Silver"
  },
  {
    "guest_id": "G00353",
    "name": "Ava Jackson",
    "email": "ava.jackson58@email.com",
    "country": "India",
    "loyalty_tier": "Silver"
  },
  {
    "guest_id": "G00354",
    "name": "Karen Hernandez",
    "email": "karen.hernandez81@email.com",
    "country": "Netherlands",
    "loyalty_tier": "None"
  },
  {
    "guest_id": "G00355",
    "name": "John Thomas",
    "email": "john.thomas57@email.com",
    "country": "Brazil",
    "loyalty_tier": "Silver"
  },
  {
    "guest_id": "G00356",
    "name": "Charles Johnson",
    "email": "charles.johnson46@email.com",
    "country": "Denmark",
    "loyalty_tier": "None"
  },
  {
    "guest_id": "G00357",
    "name": "Joseph Anderson",
    "email": "joseph.anderson5@email.com",
    "country": "UK",
    "loyalty_tier": "None"
  },
  {
    "guest_id": "G00358",
    "name": "Elizabeth Williams",
    "email": "elizabeth.williams83@email.com",
    "country": "Germany",
    "loyalty_tier": "Silver"
  },
  {
    "guest_id": "G00359",
    "name": "Thomas Gonzalez",
    "email": "thomas.gonzalez60@email.com",
    "country": "India",
    "loyalty_tier": "Silver"
  },
  {
    "guest_id": "G00360",
    "name": "Noah Harris",
    "email": "noah.harris6@email.com",
    "country": "Sweden",
    "loyalty_tier": "Gold"
  },
  {
    "guest_id": "G00361",
    "name": "Charles Lee",
    "email": "charles.lee25@email.com",
    "country": "Netherlands",
    "loyalty_tier": "Silver"
  },
  {
    "guest_id": "G00362",
    "name": "Thomas Jones",
    "email": "thomas.jones8@email.com",
    "country": "Sweden",
    "loyalty_tier": "None"
  },
  {
    "guest_id": "G00363",
    "name": "Mia Robinson",
    "email": "mia.robinson44@email.com",
    "country": "Germany",
    "loyalty_tier": "Silver"
  },
  {
    "guest_id": "G00364",
    "name": "Jennifer Johnson",
    "email": "jennifer.johnson32@email.com",
    "country": "Sweden",
    "loyalty_tier": "Platinum"
  },
  {
    "guest_id": "G00365",
    "name": "Thomas Taylor",
    "email": "thomas.taylor79@email.com",
    "country": "Italy",
    "loyalty_tier": "None"
  },
  {
    "guest_id": "G00366",
    "name": "Mason Martinez",
    "email": "mason.martinez50@email.com",
    "country": "Belgium",
    "loyalty_tier": "Silver"
  },
  {
    "guest_id": "G00367",
    "name": "Oliver Martin",
    "email": "oliver.martin7@email.com",
    "country": "Netherlands",
    "loyalty_tier": "None"
  },
  {
    "guest_id": "G00368",
    "name": "Patricia Moore",
    "email": "patricia.moore87@email.com",
    "country": "Austria",
    "loyalty_tier": "None"
  },
  {
    "guest_id": "G00369",
    "name": "Liam Walker",
    "email": "liam.walker85@email.com",
    "country": "Mexico",
    "loyalty_tier": "Gold"
  },
  {
    "guest_id": "G00370",
    "name": "David Williams",
    "email": "david.williams75@email.com",
    "country": "Spain",
    "loyalty_tier": "Gold"
  },
  {
    "guest_id": "G00371",
    "name": "Elizabeth Lee",
    "email": "elizabeth.lee90@email.com",
    "country": "Austria",
    "loyalty_tier": "None"
  },
  {
    "guest_id": "G00372",
    "name": "Sophia Williams",
    "email": "sophia.williams40@email.com",
    "country": "China",
    "loyalty_tier": "None"
  },
  {
    "guest_id": "G00373",
    "name": "Noah Hernandez",
    "email": "noah.hernandez17@email.com",
    "country": "Denmark",
    "loyalty_tier": "None"
  },
  {
    "guest_id": "G00374",
    "name": "Oliver Wilson",
    "email": "oliver.wilson66@email.com",
    "country": "Switzerland",
    "loyalty_tier": "None"
  },
  {
    "guest_id": "G00375",
    "name": "Elizabeth Garcia",
    "email": "elizabeth.garcia28@email.com",
    "country": "Netherlands",
    "loyalty_tier": "Gold"
  },
  {
    "guest_id": "G00376",
    "name": "Jessica Miller",
    "email": "jessica.miller29@email.com",
    "country": "Spain",
    "loyalty_tier": "None"
  },
  {
    "guest_id": "G00377",
    "name": "Elizabeth Walker",
    "email": "elizabeth.walker13@email.com",
    "country": "Denmark",
    "loyalty_tier": "Silver"
  },
  {
    "guest_id": "G00378",
    "name": "Isabella Harris",
    "email": "isabella.harris68@email.com",
    "country": "UK",
    "loyalty_tier": "Silver"
  },
  {
    "guest_id": "G00379",
    "name": "Mia Clark",
    "email": "mia.clark80@email.com",
    "country": "Spain",
    "loyalty_tier": "Silver"
  },
  {
    "guest_id": "G00380",
    "name": "Robert Garcia",
    "email": "robert.garcia24@email.com",
    "country": "Mexico",
    "loyalty_tier": "Gold"
  },
  {
    "guest_id": "G00381",
    "name": "Jennifer Harris",
    "email": "jennifer.harris57@email.com",
    "country": "UK",
    "loyalty_tier": "None"
  },
  {
    "guest_id": "G00382",
    "name": "Oliver Harris",
    "email": "oliver.harris31@email.com",
    "country": "Sweden",
    "loyalty_tier": "Silver"
  },
  {
    "guest_id": "G00383",
    "name": "Ava Harris",
    "email": "ava.harris58@email.com",
    "country": "Australia",
    "loyalty_tier": "Silver"
  },
  {
    "guest_id": "G00384",
    "name": "Elizabeth Lewis",
    "email": "elizabeth.lewis61@email.com",
    "country": "Canada",
    "loyalty_tier": "None"
  },
  {
    "guest_id": "G00385",
    "name": "Charles Anderson",
    "email": "charles.anderson60@email.com",
    "country": "Brazil",
    "loyalty_tier": "Silver"
  },
  {
    "guest_id": "G00386",
    "name": "Thomas Taylor",
    "email": "thomas.taylor54@email.com",
    "country": "Italy",
    "loyalty_tier": "Gold"
  },
  {
    "guest_id": "G00387",
    "name": "Noah Martin",
    "email": "noah.martin18@email.com",
    "country": "Japan",
    "loyalty_tier": "None"
  },
  {
    "guest_id": "G00388",
    "name": "Jessica Walker",
    "email": "jessica.walker48@email.com",
    "country": "China",
    "loyalty_tier": "Gold"
  },
  {
    "guest_id": "G00389",
    "name": "Sophia Walker",
    "email": "sophia.walker67@email.com",
    "country": "France",
    "loyalty_tier": "None"
  },
  {
    "guest_id": "G00390",
    "name": "Ava Garcia",
    "email": "ava.garcia35@email.com",
    "country": "Sweden",
    "loyalty_tier": "Gold"
  },
  {
    "guest_id": "G00391",
    "name": "Robert Robinson",
    "email": "robert.robinson56@email.com",
    "country": "Germany",
    "loyalty_tier": "Gold"
  },
  {
    "guest_id": "G00392",
    "name": "Linda Robinson",
    "email": "linda.robinson58@email.com",
    "country": "Switzerland",
    "loyalty_tier": "Gold"
  },
  {
    "guest_id": "G00393",
    "name": "Susan Johnson",
    "email": "susan.johnson51@email.com",
    "country": "Denmark",
    "loyalty_tier": "None"
  },
  {
    "guest_id": "G00394",
    "name": "Richard Williams",
    "email": "richard.williams48@email.com",
    "country": "Australia",
    "loyalty_tier": "None"
  },
  {
    "guest_id": "G00395",
    "name": "Mason Brown",
    "email": "mason.brown92@email.com",
    "country": "Netherlands",
    "loyalty_tier": "Silver"
  },
  {
    "guest_id": "G00396",
    "name": "Robert Johnson",
    "email": "robert.johnson37@email.com",
    "country": "Norway",
    "loyalty_tier": "Silver"
  },
  {
    "guest_id": "G00397",
    "name": "Robert Clark",
    "email": "robert.clark91@email.com",
    "country": "Norway",
    "loyalty_tier": "None"
  },
  {
    "guest_id": "G00398",
    "name": "James Hall",
    "email": "james.hall11@email.com",
    "country": "USA",
    "loyalty_tier": "None"
  },
  {
    "guest_id": "G00399",
    "name": "Isabella Jones",
    "email": "isabella.jones71@email.com",
    "country": "Mexico",
    "loyalty_tier": "Silver"
  },
  {
    "guest_id": "G00400",
    "name": "Patricia Clark",
    "email": "patricia.clark37@email.com",
    "country": "Australia",
    "loyalty_tier": "None"
  },
  {
    "guest_id": "G00401",
    "name": "Mary Davis",
    "email": "mary.davis54@email.com",
    "country": "Mexico",
    "loyalty_tier": "None"
  },
  {
    "guest_id": "G00402",
    "name": "Patricia Robinson",
    "email": "patricia.robinson64@email.com",
    "country": "Mexico",
    "loyalty_tier": "Silver"
  },
  {
    "guest_id": "G00403",
    "name": "Emma Taylor",
    "email": "emma.taylor74@email.com",
    "country": "Australia",
    "loyalty_tier": "Silver"
  },
  {
    "guest_id": "G00404",
    "name": "Elizabeth Wilson",
    "email": "elizabeth.wilson1@email.com",
    "country": "Mexico",
    "loyalty_tier": "None"
  },
  {
    "guest_id": "G00405",
    "name": "Charles Wilson",
    "email": "charles.wilson24@email.com",
    "country": "Germany",
    "loyalty_tier": "Silver"
  },
  {
    "guest_id": "G00406",
    "name": "Barbara Williams",
    "email": "barbara.williams68@email.com",
    "country": "China",
    "loyalty_tier": "Silver"
  },
  {
    "guest_id": "G00407",
    "name": "Thomas Moore",
    "email": "thomas.moore3@email.com",
    "country": "Austria",
    "loyalty_tier": "Gold"
  },
  {
    "guest_id": "G00408",
    "name": "Mary Lee",
    "email": "mary.lee50@email.com",
    "country": "Switzerland",
    "loyalty_tier": "None"
  },
  {
    "guest_id": "G00409",
    "name": "James Lopez",
    "email": "james.lopez9@email.com",
    "country": "Switzerland",
    "loyalty_tier": "None"
  },
  {
    "guest_id": "G00410",
    "name": "Oliver Lee",
    "email": "oliver.lee14@email.com",
    "country": "India",
    "loyalty_tier": "Silver"
  },
  {
    "guest_id": "G00411",
    "name": "David Jones",
    "email": "david.jones6@email.com",
    "country": "Switzerland",
    "loyalty_tier": "Silver"
  },
  {
    "guest_id": "G00412",
    "name": "Isabella Lee",
    "email": "isabella.lee23@email.com",
    "country": "Sweden",
    "loyalty_tier": "Platinum"
  },
  {
    "guest_id": "G00413",
    "name": "Jessica Lee",
    "email": "jessica.lee24@email.com",
    "country": "Spain",
    "loyalty_tier": "None"
  },
  {
    "guest_id": "G00414",
    "name": "Ava Anderson",
    "email": "ava.anderson5@email.com",
    "country": "Brazil",
    "loyalty_tier": "None"
  },
  {
    "guest_id": "G00415",
    "name": "Noah Miller",
    "email": "noah.miller6@email.com",
    "country": "Netherlands",
    "loyalty_tier": "Gold"
  },
  {
    "guest_id": "G00416",
    "name": "Thomas Gonzalez",
    "email": "thomas.gonzalez70@email.com",
    "country": "Norway",
    "loyalty_tier": "None"
  },
  {
    "guest_id": "G00417",
    "name": "Ava Lee",
    "email": "ava.lee25@email.com",
    "country": "Brazil",
    "loyalty_tier": "None"
  },
  {
    "guest_id": "G00418",
    "name": "Ava Johnson",
    "email": "ava.johnson84@email.com",
    "country": "Netherlands",
    "loyalty_tier": "None"
  },
  {
    "guest_id": "G00419",
    "name": "Noah Lopez",
    "email": "noah.lopez56@email.com",
    "country": "Austria",
    "loyalty_tier": "Silver"
  },
  {
    "guest_id": "G00420",
    "name": "Mia Gonzalez",
    "email": "mia.gonzalez44@email.com",
    "country": "Italy",
    "loyalty_tier": "None"
  },
  {
    "guest_id": "G00421",
    "name": "Jessica Lopez",
    "email": "jessica.lopez67@email.com",
    "country": "Japan",
    "loyalty_tier": "Gold"
  },
  {
    "guest_id": "G00422",
    "name": "Liam Wilson",
    "email": "liam.wilson11@email.com",
    "country": "Belgium",
    "loyalty_tier": "Silver"
  },
  {
    "guest_id": "G00423",
    "name": "Isabella Garcia",
    "email": "isabella.garcia70@email.com",
    "country": "Brazil",
    "loyalty_tier": "None"
  },
  {
    "guest_id": "G00424",
    "name": "John Hernandez",
    "email": "john.hernandez85@email.com",
    "country": "Brazil",
    "loyalty_tier": "None"
  },
  {
    "guest_id": "G00425",
    "name": "Karen White",
    "email": "karen.white55@email.com",
    "country": "Italy",
    "loyalty_tier": "Silver"
  },
  {
    "guest_id": "G00426",
    "name": "Barbara Anderson",
    "email": "barbara.anderson6@email.com",
    "country": "Switzerland",
    "loyalty_tier": "Silver"
  },
  {
    "guest_id": "G00427",
    "name": "Susan Rodriguez",
    "email": "susan.rodriguez82@email.com",
    "country": "UK",
    "loyalty_tier": "None"
  },
  {
    "guest_id": "G00428",
    "name": "Emma Gonzalez",
    "email": "emma.gonzalez47@email.com",
    "country": "Denmark",
    "loyalty_tier": "Gold"
  },
  {
    "guest_id": "G00429",
    "name": "Oliver Garcia",
    "email": "oliver.garcia4@email.com",
    "country": "Spain",
    "loyalty_tier": "Gold"
  },
  {
    "guest_id": "G00430",
    "name": "Oliver Lewis",
    "email": "oliver.lewis57@email.com",
    "country": "UK",
    "loyalty_tier": "None"
  },
  {
    "guest_id": "G00431",
    "name": "Linda Clark",
    "email": "linda.clark83@email.com",
    "country": "Switzerland",
    "loyalty_tier": "None"
  },
  {
    "guest_id": "G00432",
    "name": "Charles Johnson",
    "email": "charles.johnson78@email.com",
    "country": "Spain",
    "loyalty_tier": "Silver"
  },
  {
    "guest_id": "G00433",
    "name": "Barbara Lopez",
    "email": "barbara.lopez57@email.com",
    "country": "Germany",
    "loyalty_tier": "Silver"
  },
  {
    "guest_id": "G00434",
    "name": "Thomas Lopez",
    "email": "thomas.lopez51@email.com",
    "country": "Netherlands",
    "loyalty_tier": "Silver"
  },
  {
    "guest_id": "G00435",
    "name": "Linda Brown",
    "email": "linda.brown4@email.com",
    "country": "Italy",
    "loyalty_tier": "None"
  },
  {
    "guest_id": "G00436",
    "name": "Richard Allen",
    "email": "richard.allen72@email.com",
    "country": "France",
    "loyalty_tier": "None"
  },
  {
    "guest_id": "G00437",
    "name": "William White",
    "email": "william.white58@email.com",
    "country": "Canada",
    "loyalty_tier": "Platinum"
  },
  {
    "guest_id": "G00438",
    "name": "Elizabeth White",
    "email": "elizabeth.white63@email.com",
    "country": "Canada",
    "loyalty_tier": "None"
  },
  {
    "guest_id": "G00439",
    "name": "Lucas Williams",
    "email": "lucas.williams58@email.com",
    "country": "Italy",
    "loyalty_tier": "Gold"
  },
  {
    "guest_id": "G00440",
    "name": "Joseph Williams",
    "email": "joseph.williams88@email.com",
    "country": "Netherlands",
    "loyalty_tier": "Silver"
  },
  {
    "guest_id": "G00441",
    "name": "Sophia Williams",
    "email": "sophia.williams71@email.com",
    "country": "China",
    "loyalty_tier": "None"
  },
  {
    "guest_id": "G00442",
    "name": "Elizabeth Walker",
    "email": "elizabeth.walker21@email.com",
    "country": "Italy",
    "loyalty_tier": "Silver"
  },
  {
    "guest_id": "G00443",
    "name": "Thomas Davis",
    "email": "thomas.davis16@email.com",
    "country": "Canada",
    "loyalty_tier": "Silver"
  },
  {
    "guest_id": "G00444",
    "name": "Linda Lewis",
    "email": "linda.lewis64@email.com",
    "country": "USA",
    "loyalty_tier": "None"
  },
  {
    "guest_id": "G00445",
    "name": "Charles Lopez",
    "email": "charles.lopez60@email.com",
    "country": "China",
    "loyalty_tier": "None"
  },
  {
    "guest_id": "G00446",
    "name": "Mia Williams",
    "email": "mia.williams9@email.com",
    "country": "Brazil",
    "loyalty_tier": "None"
  },
  {
    "guest_id": "G00447",
    "name": "Sophia Harris",
    "email": "sophia.harris62@email.com",
    "country": "Denmark",
    "loyalty_tier": "None"
  },
  {
    "guest_id": "G00448",
    "name": "Susan Robinson",
    "email": "susan.robinson74@email.com",
    "country": "Germany",
    "loyalty_tier": "None"
  },
  {
    "guest_id": "G00449",
    "name": "David Lee",
    "email": "david.lee10@email.com",
    "country": "Sweden",
    "loyalty_tier": "None"
  },
  {
    "guest_id": "G00450",
    "name": "Thomas Lopez",
    "email": "thomas.lopez17@email.com",
    "country": "China",
    "loyalty_tier": "Silver"
  },
  {
    "guest_id": "G00451",
    "name": "Jennifer Clark",
    "email": "jennifer.clark17@email.com",
    "country": "Belgium",
    "loyalty_tier": "Silver"
  },
  {
    "guest_id": "G00452",
    "name": "Lucas Johnson",
    "email": "lucas.johnson16@email.com",
    "country": "Denmark",
    "loyalty_tier": "None"
  },
  {
    "guest_id": "G00453",
    "name": "Jennifer Garcia",
    "email": "jennifer.garcia42@email.com",
    "country": "Australia",
    "loyalty_tier": "None"
  },
  {
    "guest_id": "G00454",
    "name": "Thomas Hall",
    "email": "thomas.hall37@email.com",
    "country": "Germany",
    "loyalty_tier": "None"
  },
  {
    "guest_id": "G00455",
    "name": "Emma Moore",
    "email": "emma.moore36@email.com",
    "country": "Spain",
    "loyalty_tier": "Silver"
  },
  {
    "guest_id": "G00456",
    "name": "Karen Moore",
    "email": "karen.moore12@email.com",
    "country": "Denmark",
    "loyalty_tier": "Silver"
  },
  {
    "guest_id": "G00457",
    "name": "Charles Jackson",
    "email": "charles.jackson20@email.com",
    "country": "Italy",
    "loyalty_tier": "Silver"
  },
  {
    "guest_id": "G00458",
    "name": "Liam Hall",
    "email": "liam.hall78@email.com",
    "country": "Netherlands",
    "loyalty_tier": "Gold"
  },
  {
    "guest_id": "G00459",
    "name": "Charles Johnson",
    "email": "charles.johnson4@email.com",
    "country": "Germany",
    "loyalty_tier": "None"
  },
  {
    "guest_id": "G00460",
    "name": "Emma Clark",
    "email": "emma.clark74@email.com",
    "country": "Japan",
    "loyalty_tier": "Silver"
  },
  {
    "guest_id": "G00461",
    "name": "Ava Jackson",
    "email": "ava.jackson54@email.com",
    "country": "Mexico",
    "loyalty_tier": "Silver"
  },
  {
    "guest_id": "G00462",
    "name": "Jessica Hall",
    "email": "jessica.hall81@email.com",
    "country": "China",
    "loyalty_tier": "None"
  },
  {
    "guest_id": "G00463",
    "name": "Elizabeth Thomas",
    "email": "elizabeth.thomas32@email.com",
    "country": "Austria",
    "loyalty_tier": "None"
  },
  {
    "guest_id": "G00464",
    "name": "John White",
    "email": "john.white8@email.com",
    "country": "Italy",
    "loyalty_tier": "None"
  },
  {
    "guest_id": "G00465",
    "name": "Jessica Anderson",
    "email": "jessica.anderson27@email.com",
    "country": "Netherlands",
    "loyalty_tier": "Silver"
  },
  {
    "guest_id": "G00466",
    "name": "David Walker",
    "email": "david.walker92@email.com",
    "country": "Netherlands",
    "loyalty_tier": "Silver"
  },
  {
    "guest_id": "G00467",
    "name": "Lucas Lopez",
    "email": "lucas.lopez52@email.com",
    "country": "Spain",
    "loyalty_tier": "Silver"
  },
  {
    "guest_id": "G00468",
    "name": "Thomas Moore",
    "email": "thomas.moore14@email.com",
    "country": "Netherlands",
    "loyalty_tier": "None"
  },
  {
    "guest_id": "G00469",
    "name": "Patricia Rodriguez",
    "email": "patricia.rodriguez58@email.com",
    "country": "Australia",
    "loyalty_tier": "None"
  },
  {
    "guest_id": "G00470",
    "name": "Mary Martinez",
    "email": "mary.martinez50@email.com",
    "country": "Mexico",
    "loyalty_tier": "None"
  },
  {
    "guest_id": "G00471",
    "name": "Lucas Hall",
    "email": "lucas.hall21@email.com",
    "country": "Netherlands",
    "loyalty_tier": "Gold"
  },
  {
    "guest_id": "G00472",
    "name": "Liam Hernandez",
    "email": "liam.hernandez25@email.com",
    "country": "Italy",
    "loyalty_tier": "None"
  },
  {
    "guest_id": "G00473",
    "name": "Thomas Anderson",
    "email": "thomas.anderson64@email.com",
    "country": "Brazil",
    "loyalty_tier": "None"
  },
  {
    "guest_id": "G00474",
    "name": "John Gonzalez",
    "email": "john.gonzalez65@email.com",
    "country": "Sweden",
    "loyalty_tier": "Platinum"
  },
  {
    "guest_id": "G00475",
    "name": "Michael Jackson",
    "email": "michael.jackson46@email.com",
    "country": "UK",
    "loyalty_tier": "None"
  },
  {
    "guest_id": "G00476",
    "name": "Jessica Martin",
    "email": "jessica.martin84@email.com",
    "country": "Norway",
    "loyalty_tier": "None"
  },
  {
    "guest_id": "G00477",
    "name": "James Walker",
    "email": "james.walker14@email.com",
    "country": "Belgium",
    "loyalty_tier": "None"
  },
  {
    "guest_id": "G00478",
    "name": "William Harris",
    "email": "william.harris47@email.com",
    "country": "Austria",
    "loyalty_tier": "None"
  },
  {
    "guest_id": "G00479",
    "name": "Richard Johnson",
    "email": "richard.johnson73@email.com",
    "country": "China",
    "loyalty_tier": "None"
  },
  {
    "guest_id": "G00480",
    "name": "Sarah Martinez",
    "email": "sarah.martinez10@email.com",
    "country": "Austria",
    "loyalty_tier": "Silver"
  },
  {
    "guest_id": "G00481",
    "name": "Ava Moore",
    "email": "ava.moore36@email.com",
    "country": "Mexico",
    "loyalty_tier": "Silver"
  },
  {
    "guest_id": "G00482",
    "name": "Patricia Jones",
    "email": "patricia.jones13@email.com",
    "country": "Austria",
    "loyalty_tier": "None"
  },
  {
    "guest_id": "G00483",
    "name": "David Moore",
    "email": "david.moore47@email.com",
    "country": "Spain",
    "loyalty_tier": "None"
  },
  {
    "guest_id": "G00484",
    "name": "Thomas Gonzalez",
    "email": "thomas.gonzalez65@email.com",
    "country": "UK",
    "loyalty_tier": "None"
  },
  {
    "guest_id": "G00485",
    "name": "Robert White",
    "email": "robert.white43@email.com",
    "country": "Norway",
    "loyalty_tier": "Silver"
  },
  {
    "guest_id": "G00486",
    "name": "Robert Martin",
    "email": "robert.martin66@email.com",
    "country": "Spain",
    "loyalty_tier": "None"
  },
  {
    "guest_id": "G00487",
    "name": "Karen Hernandez",
    "email": "karen.hernandez21@email.com",
    "country": "Austria",
    "loyalty_tier": "Platinum"
  },
  {
    "guest_id": "G00488",
    "name": "Liam Robinson",
    "email": "liam.robinson39@email.com",
    "country": "India",
    "loyalty_tier": "None"
  },
  {
    "guest_id": "G00489",
    "name": "Isabella Taylor",
    "email": "isabella.taylor69@email.com",
    "country": "Norway",
    "loyalty_tier": "Silver"
  },
  {
    "guest_id": "G00490",
    "name": "Elizabeth Thomas",
    "email": "elizabeth.thomas3@email.com",
    "country": "Switzerland",
    "loyalty_tier": "None"
  },
  {
    "guest_id": "G00491",
    "name": "Patricia Wilson",
    "email": "patricia.wilson75@email.com",
    "country": "Brazil",
    "loyalty_tier": "Silver"
  },
  {
    "guest_id": "G00492",
    "name": "Liam Walker",
    "email": "liam.walker89@email.com",
    "country": "USA",
    "loyalty_tier": "Silver"
  },
  {
    "guest_id": "G00493",
    "name": "William Lee",
    "email": "william.lee75@email.com",
    "country": "India",
    "loyalty_tier": "None"
  },
  {
    "guest_id": "G00494",
    "name": "Mary Jackson",
    "email": "mary.jackson62@email.com",
    "country": "Italy",
    "loyalty_tier": "Silver"
  },
  {
    "guest_id": "G00495",
    "name": "Liam Martin",
    "email": "liam.martin49@email.com",
    "country": "Spain",
    "loyalty_tier": "Gold"
  },
  {
    "guest_id": "G00496",
    "name": "Linda Johnson",
    "email": "linda.johnson74@email.com",
    "country": "France",
    "loyalty_tier": "None"
  },
  {
    "guest_id": "G00497",
    "name": "Joseph Hernandez",
    "email": "joseph.hernandez54@email.com",
    "country": "Spain",
    "loyalty_tier": "None"
  },
  {
    "guest_id": "G00498",
    "name": "Michael Wilson",
    "email": "michael.wilson65@email.com",
    "country": "Mexico",
    "loyalty_tier": "Gold"
  },
  {
    "guest_id": "G00499",
    "name": "Lucas Walker",
    "email": "lucas.walker95@email.com",
    "country": "UK",
    "loyalty_tier": "Silver"
  },
  {
    "guest_id": "G00500",
    "name": "Thomas Miller",
    "email": "thomas.miller72@email.com",
    "country": "Netherlands",
    "loyalty_tier": "Platinum"
  },
  {
    "guest_id": "G00501",
    "name": "Jessica Taylor",
    "email": "jessica.taylor49@email.com",
    "country": "Netherlands",
    "loyalty_tier": "Platinum"
  },
  {
    "guest_id": "G00502",
    "name": "Joseph Allen",
    "email": "joseph.allen69@email.com",
    "country": "Netherlands",
    "loyalty_tier": "Silver"
  },
  {
    "guest_id": "G00503",
    "name": "Oliver Clark",
    "email": "oliver.clark93@email.com",
    "country": "Japan",
    "loyalty_tier": "Silver"
  },
  {
    "guest_id": "G00504",
    "name": "Michael Davis",
    "email": "michael.davis36@email.com",
    "country": "China",
    "loyalty_tier": "None"
  },
  {
    "guest_id": "G00505",
    "name": "Elizabeth Clark",
    "email": "elizabeth.clark37@email.com",
    "country": "Canada",
    "loyalty_tier": "Silver"
  },
  {
    "guest_id": "G00506",
    "name": "Jessica Hernandez",
    "email": "jessica.hernandez62@email.com",
    "country": "Switzerland",
    "loyalty_tier": "Silver"
  },
  {
    "guest_id": "G00507",
    "name": "Mason Lewis",
    "email": "mason.lewis93@email.com",
    "country": "Japan",
    "loyalty_tier": "None"
  },
  {
    "guest_id": "G00508",
    "name": "Charles Thompson",
    "email": "charles.thompson70@email.com",
    "country": "Austria",
    "loyalty_tier": "Gold"
  },
  {
    "guest_id": "G00509",
    "name": "Richard Robinson",
    "email": "richard.robinson45@email.com",
    "country": "Spain",
    "loyalty_tier": "None"
  },
  {
    "guest_id": "G00510",
    "name": "Elizabeth White",
    "email": "elizabeth.white11@email.com",
    "country": "Switzerland",
    "loyalty_tier": "Gold"
  },
  {
    "guest_id": "G00511",
    "name": "Emma Rodriguez",
    "email": "emma.rodriguez96@email.com",
    "country": "Norway",
    "loyalty_tier": "None"
  },
  {
    "guest_id": "G00512",
    "name": "Isabella Moore",
    "email": "isabella.moore35@email.com",
    "country": "China",
    "loyalty_tier": "Silver"
  },
  {
    "guest_id": "G00513",
    "name": "Robert Brown",
    "email": "robert.brown79@email.com",
    "country": "India",
    "loyalty_tier": "None"
  },
  {
    "guest_id": "G00514",
    "name": "Mary Thompson",
    "email": "mary.thompson68@email.com",
    "country": "Australia",
    "loyalty_tier": "Silver"
  },
  {
    "guest_id": "G00515",
    "name": "Mary Brown",
    "email": "mary.brown53@email.com",
    "country": "Netherlands",
    "loyalty_tier": "Silver"
  },
  {
    "guest_id": "G00516",
    "name": "Patricia Thompson",
    "email": "patricia.thompson99@email.com",
    "country": "Spain",
    "loyalty_tier": "None"
  },
  {
    "guest_id": "G00517",
    "name": "Sarah Allen",
    "email": "sarah.allen21@email.com",
    "country": "Belgium",
    "loyalty_tier": "Silver"
  },
  {
    "guest_id": "G00518",
    "name": "Mia Hall",
    "email": "mia.hall61@email.com",
    "country": "Norway",
    "loyalty_tier": "Silver"
  },
  {
    "guest_id": "G00519",
    "name": "Ava Martinez",
    "email": "ava.martinez42@email.com",
    "country": "Brazil",
    "loyalty_tier": "Silver"
  },
  {
    "guest_id": "G00520",
    "name": "Mason Clark",
    "email": "mason.clark12@email.com",
    "country": "India",
    "loyalty_tier": "None"
  },
  {
    "guest_id": "G00521",
    "name": "Liam Harris",
    "email": "liam.harris5@email.com",
    "country": "Italy",
    "loyalty_tier": "None"
  },
  {
    "guest_id": "G00522",
    "name": "Isabella Garcia",
    "email": "isabella.garcia5@email.com",
    "country": "Austria",
    "loyalty_tier": "Silver"
  },
  {
    "guest_id": "G00523",
    "name": "Jennifer Allen",
    "email": "jennifer.allen96@email.com",
    "country": "Brazil",
    "loyalty_tier": "Gold"
  },
  {
    "guest_id": "G00524",
    "name": "James Martinez",
    "email": "james.martinez73@email.com",
    "country": "Mexico",
    "loyalty_tier": "None"
  },
  {
    "guest_id": "G00525",
    "name": "David Martinez",
    "email": "david.martinez59@email.com",
    "country": "China",
    "loyalty_tier": "Silver"
  },
  {
    "guest_id": "G00526",
    "name": "Mia Jones",
    "email": "mia.jones65@email.com",
    "country": "Sweden",
    "loyalty_tier": "None"
  },
  {
    "guest_id": "G00527",
    "name": "Noah Brown",
    "email": "noah.brown43@email.com",
    "country": "Italy",
    "loyalty_tier": "Silver"
  },
  {
    "guest_id": "G00528",
    "name": "Emma Rodriguez",
    "email": "emma.rodriguez92@email.com",
    "country": "Italy",
    "loyalty_tier": "None"
  },
  {
    "guest_id": "G00529",
    "name": "David Lewis",
    "email": "david.lewis38@email.com",
    "country": "India",
    "loyalty_tier": "Silver"
  },
  {
    "guest_id": "G00530",
    "name": "Michael Garcia",
    "email": "michael.garcia79@email.com",
    "country": "Austria",
    "loyalty_tier": "Gold"
  },
  {
    "guest_id": "G00531",
    "name": "Thomas Hernandez",
    "email": "thomas.hernandez12@email.com",
    "country": "Austria",
    "loyalty_tier": "Silver"
  },
  {
    "guest_id": "G00532",
    "name": "Jennifer Jones",
    "email": "jennifer.jones62@email.com",
    "country": "Netherlands",
    "loyalty_tier": "Gold"
  },
  {
    "guest_id": "G00533",
    "name": "James Rodriguez",
    "email": "james.rodriguez50@email.com",
    "country": "Australia",
    "loyalty_tier": "None"
  },
  {
    "guest_id": "G00534",
    "name": "William Hernandez",
    "email": "william.hernandez39@email.com",
    "country": "India",
    "loyalty_tier": "Silver"
  },
  {
    "guest_id": "G00535",
    "name": "James Rodriguez",
    "email": "james.rodriguez84@email.com",
    "country": "Switzerland",
    "loyalty_tier": "Silver"
  },
  {
    "guest_id": "G00536",
    "name": "Mary Thompson",
    "email": "mary.thompson16@email.com",
    "country": "Sweden",
    "loyalty_tier": "None"
  },
  {
    "guest_id": "G00537",
    "name": "Richard Thompson",
    "email": "richard.thompson65@email.com",
    "country": "Brazil",
    "loyalty_tier": "Silver"
  },
  {
    "guest_id": "G00538",
    "name": "Emma Allen",
    "email": "emma.allen38@email.com",
    "country": "Switzerland",
    "loyalty_tier": "Silver"
  },
  {
    "guest_id": "G00539",
    "name": "Linda Jones",
    "email": "linda.jones62@email.com",
    "country": "Spain",
    "loyalty_tier": "None"
  },
  {
    "guest_id": "G00540",
    "name": "Karen Lopez",
    "email": "karen.lopez54@email.com",
    "country": "China",
    "loyalty_tier": "Gold"
  },
  {
    "guest_id": "G00541",
    "name": "Ava Moore",
    "email": "ava.moore86@email.com",
    "country": "Canada",
    "loyalty_tier": "Silver"
  },
  {
    "guest_id": "G00542",
    "name": "Oliver Clark",
    "email": "oliver.clark77@email.com",
    "country": "Germany",
    "loyalty_tier": "Silver"
  },
  {
    "guest_id": "G00543",
    "name": "Thomas White",
    "email": "thomas.white47@email.com",
    "country": "Germany",
    "loyalty_tier": "Gold"
  },
  {
    "guest_id": "G00544",
    "name": "Patricia Johnson",
    "email": "patricia.johnson71@email.com",
    "country": "Denmark",
    "loyalty_tier": "None"
  },
  {
    "guest_id": "G00545",
    "name": "Sarah Jones",
    "email": "sarah.jones22@email.com",
    "country": "Netherlands",
    "loyalty_tier": "Gold"
  },
  {
    "guest_id": "G00546",
    "name": "Joseph Brown",
    "email": "joseph.brown88@email.com",
    "country": "Canada",
    "loyalty_tier": "Silver"
  },
  {
    "guest_id": "G00547",
    "name": "Jessica Williams",
    "email": "jessica.williams66@email.com",
    "country": "Sweden",
    "loyalty_tier": "Gold"
  },
  {
    "guest_id": "G00548",
    "name": "Joseph Jones",
    "email": "joseph.jones66@email.com",
    "country": "Belgium",
    "loyalty_tier": "None"
  },
  {
    "guest_id": "G00549",
    "name": "Mary Moore",
    "email": "mary.moore60@email.com",
    "country": "Brazil",
    "loyalty_tier": "Silver"
  },
  {
    "guest_id": "G00550",
    "name": "Richard Rodriguez",
    "email": "richard.rodriguez1@email.com",
    "country": "Canada",
    "loyalty_tier": "Silver"
  },
  {
    "guest_id": "G00551",
    "name": "Mary Wilson",
    "email": "mary.wilson45@email.com",
    "country": "Germany",
    "loyalty_tier": "Silver"
  },
  {
    "guest_id": "G00552",
    "name": "Mary Allen",
    "email": "mary.allen9@email.com",
    "country": "Norway",
    "loyalty_tier": "None"
  },
  {
    "guest_id": "G00553",
    "name": "Susan Garcia",
    "email": "susan.garcia99@email.com",
    "country": "Spain",
    "loyalty_tier": "Silver"
  },
  {
    "guest_id": "G00554",
    "name": "Liam Lee",
    "email": "liam.lee54@email.com",
    "country": "Switzerland",
    "loyalty_tier": "Platinum"
  },
  {
    "guest_id": "G00555",
    "name": "Richard Anderson",
    "email": "richard.anderson49@email.com",
    "country": "Austria",
    "loyalty_tier": "None"
  },
  {
    "guest_id": "G00556",
    "name": "Oliver Walker",
    "email": "oliver.walker70@email.com",
    "country": "Spain",
    "loyalty_tier": "Silver"
  },
  {
    "guest_id": "G00557",
    "name": "Barbara Brown",
    "email": "barbara.brown23@email.com",
    "country": "China",
    "loyalty_tier": "None"
  },
  {
    "guest_id": "G00558",
    "name": "Robert Harris",
    "email": "robert.harris29@email.com",
    "country": "USA",
    "loyalty_tier": "Silver"
  },
  {
    "guest_id": "G00559",
    "name": "Elizabeth Anderson",
    "email": "elizabeth.anderson87@email.com",
    "country": "China",
    "loyalty_tier": "None"
  },
  {
    "guest_id": "G00560",
    "name": "Richard Robinson",
    "email": "richard.robinson30@email.com",
    "country": "Australia",
    "loyalty_tier": "None"
  },
  {
    "guest_id": "G00561",
    "name": "Robert Rodriguez",
    "email": "robert.rodriguez25@email.com",
    "country": "France",
    "loyalty_tier": "None"
  },
  {
    "guest_id": "G00562",
    "name": "Oliver Wilson",
    "email": "oliver.wilson79@email.com",
    "country": "USA",
    "loyalty_tier": "None"
  },
  {
    "guest_id": "G00563",
    "name": "John Brown",
    "email": "john.brown77@email.com",
    "country": "UK",
    "loyalty_tier": "None"
  },
  {
    "guest_id": "G00564",
    "name": "Oliver White",
    "email": "oliver.white7@email.com",
    "country": "Australia",
    "loyalty_tier": "Silver"
  },
  {
    "guest_id": "G00565",
    "name": "Richard Anderson",
    "email": "richard.anderson30@email.com",
    "country": "China",
    "loyalty_tier": "None"
  },
  {
    "guest_id": "G00566",
    "name": "Lucas Clark",
    "email": "lucas.clark8@email.com",
    "country": "Spain",
    "loyalty_tier": "Silver"
  },
  {
    "guest_id": "G00567",
    "name": "Elizabeth Davis",
    "email": "elizabeth.davis94@email.com",
    "country": "India",
    "loyalty_tier": "None"
  },
  {
    "guest_id": "G00568",
    "name": "Karen Clark",
    "email": "karen.clark87@email.com",
    "country": "Netherlands",
    "loyalty_tier": "None"
  },
  {
    "guest_id": "G00569",
    "name": "Mia Jones",
    "email": "mia.jones85@email.com",
    "country": "Denmark",
    "loyalty_tier": "None"
  },
  {
    "guest_id": "G00570",
    "name": "Elizabeth Rodriguez",
    "email": "elizabeth.rodriguez8@email.com",
    "country": "China",
    "loyalty_tier": "Gold"
  },
  {
    "guest_id": "G00571",
    "name": "Mia Harris",
    "email": "mia.harris23@email.com",
    "country": "Belgium",
    "loyalty_tier": "Silver"
  },
  {
    "guest_id": "G00572",
    "name": "Mary Lopez",
    "email": "mary.lopez83@email.com",
    "country": "Austria",
    "loyalty_tier": "Silver"
  },
  {
    "guest_id": "G00573",
    "name": "David White",
    "email": "david.white54@email.com",
    "country": "Belgium",
    "loyalty_tier": "None"
  },
  {
    "guest_id": "G00574",
    "name": "Richard Garcia",
    "email": "richard.garcia97@email.com",
    "country": "China",
    "loyalty_tier": "None"
  },
  {
    "guest_id": "G00575",
    "name": "Lucas Davis",
    "email": "lucas.davis39@email.com",
    "country": "Spain",
    "loyalty_tier": "Gold"
  },
  {
    "guest_id": "G00576",
    "name": "Mason Johnson",
    "email": "mason.johnson72@email.com",
    "country": "Belgium",
    "loyalty_tier": "Platinum"
  },
  {
    "guest_id": "G00577",
    "name": "Sarah Taylor",
    "email": "sarah.taylor18@email.com",
    "country": "Austria",
    "loyalty_tier": "None"
  },
  {
    "guest_id": "G00578",
    "name": "Michael Hernandez",
    "email": "michael.hernandez83@email.com",
    "country": "Germany",
    "loyalty_tier": "Gold"
  },
  {
    "guest_id": "G00579",
    "name": "Lucas Lopez",
    "email": "lucas.lopez12@email.com",
    "country": "China",
    "loyalty_tier": "Silver"
  },
  {
    "guest_id": "G00580",
    "name": "Michael Johnson",
    "email": "michael.johnson35@email.com",
    "country": "Austria",
    "loyalty_tier": "Silver"
  },
  {
    "guest_id": "G00581",
    "name": "Karen Johnson",
    "email": "karen.johnson10@email.com",
    "country": "Canada",
    "loyalty_tier": "Gold"
  },
  {
    "guest_id": "G00582",
    "name": "Charles Harris",
    "email": "charles.harris86@email.com",
    "country": "China",
    "loyalty_tier": "None"
  },
  {
    "guest_id": "G00583",
    "name": "Michael Walker",
    "email": "michael.walker43@email.com",
    "country": "Brazil",
    "loyalty_tier": "Platinum"
  },
  {
    "guest_id": "G00584",
    "name": "James Miller",
    "email": "james.miller25@email.com",
    "country": "France",
    "loyalty_tier": "Silver"
  },
  {
    "guest_id": "G00585",
    "name": "Ava Thomas",
    "email": "ava.thomas32@email.com",
    "country": "Mexico",
    "loyalty_tier": "Silver"
  },
  {
    "guest_id": "G00586",
    "name": "Richard Allen",
    "email": "richard.allen31@email.com",
    "country": "China",
    "loyalty_tier": "None"
  },
  {
    "guest_id": "G00587",
    "name": "Elizabeth Gonzalez",
    "email": "elizabeth.gonzalez60@email.com",
    "country": "China",
    "loyalty_tier": "Silver"
  },
  {
    "guest_id": "G00588",
    "name": "Elizabeth Rodriguez",
    "email": "elizabeth.rodriguez47@email.com",
    "country": "Denmark",
    "loyalty_tier": "Gold"
  },
  {
    "guest_id": "G00589",
    "name": "Joseph Brown",
    "email": "joseph.brown93@email.com",
    "country": "Norway",
    "loyalty_tier": "Silver"
  },
  {
    "guest_id": "G00590",
    "name": "David Allen",
    "email": "david.allen27@email.com",
    "country": "Switzerland",
    "loyalty_tier": "None"
  },
  {
    "guest_id": "G00591",
    "name": "Mary Jackson",
    "email": "mary.jackson29@email.com",
    "country": "Spain",
    "loyalty_tier": "None"
  },
  {
    "guest_id": "G00592",
    "name": "Sarah Allen",
    "email": "sarah.allen75@email.com",
    "country": "India",
    "loyalty_tier": "Silver"
  },
  {
    "guest_id": "G00593",
    "name": "Elizabeth Jones",
    "email": "elizabeth.jones26@email.com",
    "country": "Netherlands",
    "loyalty_tier": "None"
  },
  {
    "guest_id": "G00594",
    "name": "Charles Robinson",
    "email": "charles.robinson32@email.com",
    "country": "Norway",
    "loyalty_tier": "Silver"
  },
  {
    "guest_id": "G00595",
    "name": "Oliver Hernandez",
    "email": "oliver.hernandez33@email.com",
    "country": "Norway",
    "loyalty_tier": "Platinum"
  },
  {
    "guest_id": "G00596",
    "name": "Emma Harris",
    "email": "emma.harris63@email.com",
    "country": "Sweden",
    "loyalty_tier": "None"
  },
  {
    "guest_id": "G00597",
    "name": "Noah Lopez",
    "email": "noah.lopez22@email.com",
    "country": "Spain",
    "loyalty_tier": "Silver"
  },
  {
    "guest_id": "G00598",
    "name": "Jessica Garcia",
    "email": "jessica.garcia70@email.com",
    "country": "UK",
    "loyalty_tier": "Silver"
  },
  {
    "guest_id": "G00599",
    "name": "Isabella Walker",
    "email": "isabella.walker10@email.com",
    "country": "UK",
    "loyalty_tier": "Silver"
  },
  {
    "guest_id": "G00600",
    "name": "Susan Jones",
    "email": "susan.jones81@email.com",
    "country": "Australia",
    "loyalty_tier": "None"
  }
]